--
-- File generated with SQLiteStudio v3.3.3 on Sat Jul 22 11:32:18 2023
--
-- Text encoding used: UTF-8
--
PRAGMA foreign_keys = off;
BEGIN TRANSACTION;

-- Table: Administrators
DROP TABLE IF EXISTS Administrators;
CREATE TABLE Administrators (administratorID INTEGER PRIMARY KEY AUTOINCREMENT, username VARCHAR NOT NULL UNIQUE, passwordEncrypted NOT NULL);
INSERT INTO Administrators (administratorID, username, passwordEncrypted) VALUES (1, '1', '6b86b273ff34fce19d6b804eff5a3f5747ada4eaa22f1d49c01e52ddb7875b4b');

-- Table: Attractions
DROP TABLE IF EXISTS Attractions;
CREATE TABLE Attractions (eventID INTEGER REFERENCES Events (eventID), attractionName VARCHAR NOT NULL, attractionUrl VARCHAR NOT NULL);
INSERT INTO Attractions (eventID, attractionName, attractionUrl) VALUES (271, 'P!NK', 'https://www.ticketmaster.com.au/pnk-tickets/artist/718655');
INSERT INTO Attractions (eventID, attractionName, attractionUrl) VALUES (272, 'P!NK', 'https://www.ticketmaster.com.au/pnk-tickets/artist/718655');
INSERT INTO Attractions (eventID, attractionName, attractionUrl) VALUES (273, 'Emma Memma', 'https://www.ticketmaster.com.au/emma-memma-tickets/artist/2972952');
INSERT INTO Attractions (eventID, attractionName, attractionUrl) VALUES (274, 'Emma Memma', 'https://www.ticketmaster.com.au/emma-memma-tickets/artist/2972952');
INSERT INTO Attractions (eventID, attractionName, attractionUrl) VALUES (275, 'Emma Memma', 'https://www.ticketmaster.com.au/emma-memma-tickets/artist/2972952');
INSERT INTO Attractions (eventID, attractionName, attractionUrl) VALUES (276, 'Emma Memma', 'https://www.ticketmaster.com.au/emma-memma-tickets/artist/2972952');
INSERT INTO Attractions (eventID, attractionName, attractionUrl) VALUES (277, 'Pete Murray', 'https://www.ticketmaster.com.au/pete-murray-tickets/artist/1079442');
INSERT INTO Attractions (eventID, attractionName, attractionUrl) VALUES (278, 'Tourist', 'https://www.ticketmaster.com.au/tourist-tickets/artist/1551841');
INSERT INTO Attractions (eventID, attractionName, attractionUrl) VALUES (278, 'Open Season', 'https://www.ticketmaster.com.au/open-season-tickets/artist/2762831');
INSERT INTO Attractions (eventID, attractionName, attractionUrl) VALUES (279, 'Mayonnaise', 'https://www.ticketmaster.com.au/mayonnaise-tickets/artist/1914830');
INSERT INTO Attractions (eventID, attractionName, attractionUrl) VALUES (280, 'The Delta Riggs', 'https://www.ticketmaster.com/the-delta-riggs-tickets/artist/2293582');
INSERT INTO Attractions (eventID, attractionName, attractionUrl) VALUES (281, 'Tourist', 'https://www.ticketmaster.com/tourist-tickets/artist/1551841');
INSERT INTO Attractions (eventID, attractionName, attractionUrl) VALUES (281, 'Open Season', 'https://www.ticketmaster.com/open-season-tickets/artist/2762831');
INSERT INTO Attractions (eventID, attractionName, attractionUrl) VALUES (282, 'You Am I', 'https://www.ticketmaster.com.au/you-am-i-tickets/artist/882908');
INSERT INTO Attractions (eventID, attractionName, attractionUrl) VALUES (282, 'Sarah McLeod', 'https://www.ticketmaster.com.au/sarah-mcleod-tickets/artist/1918204');
INSERT INTO Attractions (eventID, attractionName, attractionUrl) VALUES (283, 'Eagles of Death Metal', 'https://www.ticketmaster.com.au/eagles-of-death-metal-tickets/artist/947268');
INSERT INTO Attractions (eventID, attractionName, attractionUrl) VALUES (284, 'Inspiral Carpets', 'https://www.ticketmaster.com/inspiral-carpets-tickets/artist/1857');
INSERT INTO Attractions (eventID, attractionName, attractionUrl) VALUES (285, 'Set Roulette', 'https://www.ticketmaster.com.au/set-roulette-tickets/artist/3000430');
INSERT INTO Attractions (eventID, attractionName, attractionUrl) VALUES (285, 'Open Season', 'https://www.ticketmaster.com.au/open-season-tickets/artist/2762831');
INSERT INTO Attractions (eventID, attractionName, attractionUrl) VALUES (286, 'Sticky Fingers', 'https://www.ticketmaster.com.au/sticky-fingers-tickets/artist/831704');
INSERT INTO Attractions (eventID, attractionName, attractionUrl) VALUES (286, 'Maxine', 'https://www.ticketmaster.com.au/maxine-tickets/artist/729480');
INSERT INTO Attractions (eventID, attractionName, attractionUrl) VALUES (287, 'Ian Moss', 'https://www.ticketmaster.com.au/ian-moss-tickets/artist/770799');
INSERT INTO Attractions (eventID, attractionName, attractionUrl) VALUES (288, 'Katie Noonan', 'https://www.ticketmaster.com/katie-noonan-tickets/artist/1799209');
INSERT INTO Attractions (eventID, attractionName, attractionUrl) VALUES (289, 'Antarctic Monkeys', 'https://www.ticketmaster.com/antarctic-monkeys-tickets/artist/1566729');
INSERT INTO Attractions (eventID, attractionName, attractionUrl) VALUES (290, 'Full Flower Moon Band', 'https://www.ticketmaster.com.au/full-flower-moon-band-tickets/artist/2997459');
INSERT INTO Attractions (eventID, attractionName, attractionUrl) VALUES (290, 'Open Season', 'https://www.ticketmaster.com.au/open-season-tickets/artist/2762831');

-- Table: Data
DROP TABLE IF EXISTS Data;
CREATE TABLE Data (updateNumber INTEGER PRIMARY KEY AUTOINCREMENT, updateTime VARCHAR NOT NULL, administratorID REFERENCES Administrators (administratorID));
INSERT INTO Data (updateNumber, updateTime, administratorID) VALUES (1, '2023/07/20 08:05', 1);
INSERT INTO Data (updateNumber, updateTime, administratorID) VALUES (2, '2023/07/20 20:12', 1);
INSERT INTO Data (updateNumber, updateTime, administratorID) VALUES (3, '2023/07/20 20:14', 1);
INSERT INTO Data (updateNumber, updateTime, administratorID) VALUES (4, '2023/07/21 13:57', 1);
INSERT INTO Data (updateNumber, updateTime, administratorID) VALUES (5, '2023/07/21 14:19', 1);
INSERT INTO Data (updateNumber, updateTime, administratorID) VALUES (6, '2023/07/22 11:14', 1);

-- Table: Events
DROP TABLE IF EXISTS Events;
CREATE TABLE Events (eventID INTEGER PRIMARY KEY AUTOINCREMENT, eventName VARCHAR NOT NULL, eventUrl VARCHAR NOT NULL, startDate VARCHAR NOT NULL, genre VARCHAR NOT NULL, subGenre VARCHAR NOT NULL);
INSERT INTO Events (eventID, eventName, eventUrl, startDate, genre, subGenre) VALUES (271, 'P!NK Summer Carnival 2024 - Standard Tickets', 'https://www.ticketmaster.com.au/pnk-summer-carnival-2024-standard-tickets-carrara-20-02-2024/event/13005E4395C03512', '2024-02-20', 'Rock', 'Pop');
INSERT INTO Events (eventID, eventName, eventUrl, startDate, genre, subGenre) VALUES (272, 'P!NK Summer Carnival 2024 - Premium Concert Seating', 'https://www.ticketmaster.com.au/pnk-summer-carnival-2024-premium-concert-carrara-20-02-2024/event/13005E4EDBCE8A67', '2024-02-20', 'Rock', 'Pop');
INSERT INTO Events (eventID, eventName, eventUrl, startDate, genre, subGenre) VALUES (273, 'Emma Memma - The Twirly Tour', 'https://www.ticketmaster.com.au/emma-memma-the-twirly-tour-mount-pleasant-07-08-2023/event/25005EDEB723137E', '2023-08-07', 'Children''s Music', 'Children''s Music');
INSERT INTO Events (eventID, eventName, eventUrl, startDate, genre, subGenre) VALUES (274, 'Emma Memma - The Twirly Tour', 'https://www.ticketmaster.com.au/emma-memma-the-twirly-tour-mount-pleasant-07-08-2023/event/25005EDEA9601144', '2023-08-07', 'Children''s Music', 'Children''s Music');
INSERT INTO Events (eventID, eventName, eventUrl, startDate, genre, subGenre) VALUES (275, 'Emma Memma - The Twirly Tour', 'https://www.ticketmaster.com.au/emma-memma-the-twirly-tour-highfields-11-08-2023/event/25005EDEA1081033', '2023-08-11', 'Children''s Music', 'Children''s Music');
INSERT INTO Events (eventID, eventName, eventUrl, startDate, genre, subGenre) VALUES (276, 'Emma Memma - The Twirly Tour', 'https://www.ticketmaster.com.au/emma-memma-the-twirly-tour-highfields-11-08-2023/event/25005EDDB68913AC', '2023-08-11', 'Children''s Music', 'Children''s Music');
INSERT INTO Events (eventID, eventName, eventUrl, startDate, genre, subGenre) VALUES (277, 'Pete Murray - Greatest Hits Tour', 'https://www.ticketmaster.com.au/pete-murray-greatest-hits-tour-brisbane-22-07-2023/event/13005E41E25D669B', '2023-07-22', 'Rock', 'Pop');
INSERT INTO Events (eventID, eventName, eventUrl, startDate, genre, subGenre) VALUES (278, 'Tourist', 'https://www.ticketmaster.com.au/tourist-woolloongabba-28-07-2023/event/25005E7609C261CF', '2023-07-28', 'Rock', 'Pop');
INSERT INTO Events (eventID, eventName, eventUrl, startDate, genre, subGenre) VALUES (279, 'Mayonnaise 20th Anniversary Australia Tour', 'https://www.ticketmaster.com.au/mayonnaise-20th-anniversary-australia-tour-brisbane-28-07-2023/event/13005EB983FD0E7A', '2023-07-28', 'Rock', 'Pop');
INSERT INTO Events (eventID, eventName, eventUrl, startDate, genre, subGenre) VALUES (280, 'The Delta Riggs - Townsville - 28th July', 'https://www.moshtix.com.au/v2/event/the-delta-riggs-townsville-28th-july/153034', '2023-07-28', 'Rock', 'Psychedelic');
INSERT INTO Events (eventID, eventName, eventUrl, startDate, genre, subGenre) VALUES (281, 'Tourist', 'https://www.moshtix.com.au/v2/event/tourist/151026', '2023-07-28', 'Rock', 'Pop');
INSERT INTO Events (eventID, eventName, eventUrl, startDate, genre, subGenre) VALUES (282, 'You Am I Performing The Who''s Tommy', 'https://www.ticketmaster.com.au/you-am-i-performing-the-whos-brisbane-29-07-2023/event/13005E8CAE486A2E', '2023-07-29', 'Rock', 'Alternative Rock');
INSERT INTO Events (eventID, eventName, eventUrl, startDate, genre, subGenre) VALUES (283, 'Eagles of Death Metal', 'https://www.ticketmaster.com.au/eagles-of-death-metal-brisbane-29-07-2023/event/13005E9228059483', '2023-07-29', 'Rock', 'Alternative Rock');
INSERT INTO Events (eventID, eventName, eventUrl, startDate, genre, subGenre) VALUES (284, 'Inspiral Carpets', 'https://www.moshtix.com.au/v2/event/inspiral-carpets/149611', '2023-08-03', 'Rock', 'Pop');
INSERT INTO Events (eventID, eventName, eventUrl, startDate, genre, subGenre) VALUES (285, 'Set Roulette', 'https://www.ticketmaster.com.au/set-roulette-woolloongabba-05-08-2023/event/25005E7D03A57D02', '2023-08-05', 'Rock', 'Alternative Rock');
INSERT INTO Events (eventID, eventName, eventUrl, startDate, genre, subGenre) VALUES (286, 'Sticky Fingers', 'https://www.ticketmaster.com.au/sticky-fingers-brisbane-05-08-2023/event/13005E6FB0E468E1', '2023-08-05', 'Rock', 'Alternative Rock');
INSERT INTO Events (eventID, eventName, eventUrl, startDate, genre, subGenre) VALUES (287, 'Ian Moss River''s Run Dry 2023 Tour', 'https://www.ticketmaster.com.au/ian-moss-rivers-run-dry-2023-brisbane-05-08-2023/event/13005E99F2585DDF', '2023-08-05', 'Rock', 'Pop');
INSERT INTO Events (eventID, eventName, eventUrl, startDate, genre, subGenre) VALUES (288, 'Small Fry Rock feat. Katie Noonan & Darren Middleton', 'https://www.moshtix.com.au/v2/event/small-fry-rock-feat-katie-noonan-darren-middleton/153414', '2023-08-05', 'Rock', 'Pop');
INSERT INTO Events (eventID, eventName, eventUrl, startDate, genre, subGenre) VALUES (289, 'Antarctic Monkeys', 'https://www.moshtix.com.au/v2/event/antarctic-monkeys/149598', '2023-08-10', 'Rock', 'Pop');
INSERT INTO Events (eventID, eventName, eventUrl, startDate, genre, subGenre) VALUES (290, 'Full Flower Moon Band', 'https://www.ticketmaster.com.au/full-flower-moon-band-woolloongabba-11-08-2023/event/25005E7B3ADD0D04', '2023-08-11', 'Rock', 'Alternative Rock');

-- Table: Images
DROP TABLE IF EXISTS Images;
CREATE TABLE Images (eventID INTEGER REFERENCES Events (eventID), imageUrl VARCHAR NOT NULL, imageWidth VARCHAR NOT NULL, imageHeight VARCHAR NOT NULL, imageRatio VARCHAR);
INSERT INTO Images (eventID, imageUrl, imageWidth, imageHeight, imageRatio) VALUES (271, 'https://s1.ticketm.net/dam/a/232/1ce4b1f4-a4bd-4a64-9fe8-a2352c14e232_SOURCE', '2426', '1365', NULL);
INSERT INTO Images (eventID, imageUrl, imageWidth, imageHeight, imageRatio) VALUES (271, 'https://s1.ticketm.net/dam/a/232/1ce4b1f4-a4bd-4a64-9fe8-a2352c14e232_RETINA_LANDSCAPE_16_9.jpg', '1136', '639', NULL);
INSERT INTO Images (eventID, imageUrl, imageWidth, imageHeight, imageRatio) VALUES (271, 'https://s1.ticketm.net/dam/a/232/1ce4b1f4-a4bd-4a64-9fe8-a2352c14e232_RETINA_PORTRAIT_16_9.jpg', '640', '360', NULL);
INSERT INTO Images (eventID, imageUrl, imageWidth, imageHeight, imageRatio) VALUES (271, 'https://s1.ticketm.net/dam/a/232/1ce4b1f4-a4bd-4a64-9fe8-a2352c14e232_TABLET_LANDSCAPE_16_9.jpg', '1024', '576', NULL);
INSERT INTO Images (eventID, imageUrl, imageWidth, imageHeight, imageRatio) VALUES (271, 'https://s1.ticketm.net/dam/a/232/1ce4b1f4-a4bd-4a64-9fe8-a2352c14e232_TABLET_LANDSCAPE_3_2.jpg', '1024', '683', NULL);
INSERT INTO Images (eventID, imageUrl, imageWidth, imageHeight, imageRatio) VALUES (271, 'https://s1.ticketm.net/dam/a/232/1ce4b1f4-a4bd-4a64-9fe8-a2352c14e232_EVENT_DETAIL_PAGE_16_9.jpg', '205', '115', NULL);
INSERT INTO Images (eventID, imageUrl, imageWidth, imageHeight, imageRatio) VALUES (271, 'https://s1.ticketm.net/dam/a/232/1ce4b1f4-a4bd-4a64-9fe8-a2352c14e232_ARTIST_PAGE_3_2.jpg', '305', '203', NULL);
INSERT INTO Images (eventID, imageUrl, imageWidth, imageHeight, imageRatio) VALUES (271, 'https://s1.ticketm.net/dam/a/232/1ce4b1f4-a4bd-4a64-9fe8-a2352c14e232_CUSTOM.jpg', '305', '225', NULL);
INSERT INTO Images (eventID, imageUrl, imageWidth, imageHeight, imageRatio) VALUES (271, 'https://s1.ticketm.net/dam/a/232/1ce4b1f4-a4bd-4a64-9fe8-a2352c14e232_RECOMENDATION_16_9.jpg', '100', '56', NULL);
INSERT INTO Images (eventID, imageUrl, imageWidth, imageHeight, imageRatio) VALUES (271, 'https://s1.ticketm.net/dam/a/232/1ce4b1f4-a4bd-4a64-9fe8-a2352c14e232_TABLET_LANDSCAPE_LARGE_16_9.jpg', '2048', '1152', NULL);
INSERT INTO Images (eventID, imageUrl, imageWidth, imageHeight, imageRatio) VALUES (271, 'https://s1.ticketm.net/dam/a/232/1ce4b1f4-a4bd-4a64-9fe8-a2352c14e232_RETINA_PORTRAIT_3_2.jpg', '640', '427', NULL);
INSERT INTO Images (eventID, imageUrl, imageWidth, imageHeight, imageRatio) VALUES (272, 'https://s1.ticketm.net/dam/a/232/1ce4b1f4-a4bd-4a64-9fe8-a2352c14e232_SOURCE', '2426', '1365', NULL);
INSERT INTO Images (eventID, imageUrl, imageWidth, imageHeight, imageRatio) VALUES (272, 'https://s1.ticketm.net/dam/a/232/1ce4b1f4-a4bd-4a64-9fe8-a2352c14e232_RETINA_LANDSCAPE_16_9.jpg', '1136', '639', NULL);
INSERT INTO Images (eventID, imageUrl, imageWidth, imageHeight, imageRatio) VALUES (272, 'https://s1.ticketm.net/dam/a/232/1ce4b1f4-a4bd-4a64-9fe8-a2352c14e232_RETINA_PORTRAIT_16_9.jpg', '640', '360', NULL);
INSERT INTO Images (eventID, imageUrl, imageWidth, imageHeight, imageRatio) VALUES (272, 'https://s1.ticketm.net/dam/a/232/1ce4b1f4-a4bd-4a64-9fe8-a2352c14e232_TABLET_LANDSCAPE_16_9.jpg', '1024', '576', NULL);
INSERT INTO Images (eventID, imageUrl, imageWidth, imageHeight, imageRatio) VALUES (272, 'https://s1.ticketm.net/dam/a/232/1ce4b1f4-a4bd-4a64-9fe8-a2352c14e232_TABLET_LANDSCAPE_3_2.jpg', '1024', '683', NULL);
INSERT INTO Images (eventID, imageUrl, imageWidth, imageHeight, imageRatio) VALUES (272, 'https://s1.ticketm.net/dam/a/232/1ce4b1f4-a4bd-4a64-9fe8-a2352c14e232_EVENT_DETAIL_PAGE_16_9.jpg', '205', '115', NULL);
INSERT INTO Images (eventID, imageUrl, imageWidth, imageHeight, imageRatio) VALUES (272, 'https://s1.ticketm.net/dam/a/232/1ce4b1f4-a4bd-4a64-9fe8-a2352c14e232_ARTIST_PAGE_3_2.jpg', '305', '203', NULL);
INSERT INTO Images (eventID, imageUrl, imageWidth, imageHeight, imageRatio) VALUES (272, 'https://s1.ticketm.net/dam/a/232/1ce4b1f4-a4bd-4a64-9fe8-a2352c14e232_CUSTOM.jpg', '305', '225', NULL);
INSERT INTO Images (eventID, imageUrl, imageWidth, imageHeight, imageRatio) VALUES (272, 'https://s1.ticketm.net/dam/a/232/1ce4b1f4-a4bd-4a64-9fe8-a2352c14e232_RECOMENDATION_16_9.jpg', '100', '56', NULL);
INSERT INTO Images (eventID, imageUrl, imageWidth, imageHeight, imageRatio) VALUES (272, 'https://s1.ticketm.net/dam/a/232/1ce4b1f4-a4bd-4a64-9fe8-a2352c14e232_TABLET_LANDSCAPE_LARGE_16_9.jpg', '2048', '1152', NULL);
INSERT INTO Images (eventID, imageUrl, imageWidth, imageHeight, imageRatio) VALUES (272, 'https://s1.ticketm.net/dam/a/232/1ce4b1f4-a4bd-4a64-9fe8-a2352c14e232_RETINA_PORTRAIT_3_2.jpg', '640', '427', NULL);
INSERT INTO Images (eventID, imageUrl, imageWidth, imageHeight, imageRatio) VALUES (273, 'https://s1.ticketm.net/dam/a/eb0/31552d8b-76c8-45d3-b366-3c6554e1ceb0_RETINA_PORTRAIT_3_2.jpg', '640', '427', NULL);
INSERT INTO Images (eventID, imageUrl, imageWidth, imageHeight, imageRatio) VALUES (273, 'https://s1.ticketm.net/dam/a/eb0/31552d8b-76c8-45d3-b366-3c6554e1ceb0_RETINA_LANDSCAPE_16_9.jpg', '1136', '639', NULL);
INSERT INTO Images (eventID, imageUrl, imageWidth, imageHeight, imageRatio) VALUES (273, 'https://s1.ticketm.net/dam/a/eb0/31552d8b-76c8-45d3-b366-3c6554e1ceb0_SOURCE', '2426', '1365', NULL);
INSERT INTO Images (eventID, imageUrl, imageWidth, imageHeight, imageRatio) VALUES (273, 'https://s1.ticketm.net/dam/a/eb0/31552d8b-76c8-45d3-b366-3c6554e1ceb0_ARTIST_PAGE_3_2.jpg', '305', '203', NULL);
INSERT INTO Images (eventID, imageUrl, imageWidth, imageHeight, imageRatio) VALUES (273, 'https://s1.ticketm.net/dam/a/eb0/31552d8b-76c8-45d3-b366-3c6554e1ceb0_TABLET_LANDSCAPE_16_9.jpg', '1024', '576', NULL);
INSERT INTO Images (eventID, imageUrl, imageWidth, imageHeight, imageRatio) VALUES (273, 'https://s1.ticketm.net/dam/a/eb0/31552d8b-76c8-45d3-b366-3c6554e1ceb0_TABLET_LANDSCAPE_3_2.jpg', '1024', '683', NULL);
INSERT INTO Images (eventID, imageUrl, imageWidth, imageHeight, imageRatio) VALUES (273, 'https://s1.ticketm.net/dam/a/eb0/31552d8b-76c8-45d3-b366-3c6554e1ceb0_RECOMENDATION_16_9.jpg', '100', '56', NULL);
INSERT INTO Images (eventID, imageUrl, imageWidth, imageHeight, imageRatio) VALUES (273, 'https://s1.ticketm.net/dam/a/eb0/31552d8b-76c8-45d3-b366-3c6554e1ceb0_CUSTOM.jpg', '305', '225', NULL);
INSERT INTO Images (eventID, imageUrl, imageWidth, imageHeight, imageRatio) VALUES (273, 'https://s1.ticketm.net/dam/a/eb0/31552d8b-76c8-45d3-b366-3c6554e1ceb0_EVENT_DETAIL_PAGE_16_9.jpg', '205', '115', NULL);
INSERT INTO Images (eventID, imageUrl, imageWidth, imageHeight, imageRatio) VALUES (273, 'https://s1.ticketm.net/dam/a/eb0/31552d8b-76c8-45d3-b366-3c6554e1ceb0_RETINA_PORTRAIT_16_9.jpg', '640', '360', NULL);
INSERT INTO Images (eventID, imageUrl, imageWidth, imageHeight, imageRatio) VALUES (273, 'https://s1.ticketm.net/dam/a/eb0/31552d8b-76c8-45d3-b366-3c6554e1ceb0_TABLET_LANDSCAPE_LARGE_16_9.jpg', '2048', '1152', NULL);
INSERT INTO Images (eventID, imageUrl, imageWidth, imageHeight, imageRatio) VALUES (274, 'https://s1.ticketm.net/dam/a/eb0/31552d8b-76c8-45d3-b366-3c6554e1ceb0_RETINA_PORTRAIT_3_2.jpg', '640', '427', NULL);
INSERT INTO Images (eventID, imageUrl, imageWidth, imageHeight, imageRatio) VALUES (274, 'https://s1.ticketm.net/dam/a/eb0/31552d8b-76c8-45d3-b366-3c6554e1ceb0_RETINA_LANDSCAPE_16_9.jpg', '1136', '639', NULL);
INSERT INTO Images (eventID, imageUrl, imageWidth, imageHeight, imageRatio) VALUES (274, 'https://s1.ticketm.net/dam/a/eb0/31552d8b-76c8-45d3-b366-3c6554e1ceb0_SOURCE', '2426', '1365', NULL);
INSERT INTO Images (eventID, imageUrl, imageWidth, imageHeight, imageRatio) VALUES (274, 'https://s1.ticketm.net/dam/a/eb0/31552d8b-76c8-45d3-b366-3c6554e1ceb0_ARTIST_PAGE_3_2.jpg', '305', '203', NULL);
INSERT INTO Images (eventID, imageUrl, imageWidth, imageHeight, imageRatio) VALUES (274, 'https://s1.ticketm.net/dam/a/eb0/31552d8b-76c8-45d3-b366-3c6554e1ceb0_TABLET_LANDSCAPE_16_9.jpg', '1024', '576', NULL);
INSERT INTO Images (eventID, imageUrl, imageWidth, imageHeight, imageRatio) VALUES (274, 'https://s1.ticketm.net/dam/a/eb0/31552d8b-76c8-45d3-b366-3c6554e1ceb0_TABLET_LANDSCAPE_3_2.jpg', '1024', '683', NULL);
INSERT INTO Images (eventID, imageUrl, imageWidth, imageHeight, imageRatio) VALUES (274, 'https://s1.ticketm.net/dam/a/eb0/31552d8b-76c8-45d3-b366-3c6554e1ceb0_RECOMENDATION_16_9.jpg', '100', '56', NULL);
INSERT INTO Images (eventID, imageUrl, imageWidth, imageHeight, imageRatio) VALUES (274, 'https://s1.ticketm.net/dam/a/eb0/31552d8b-76c8-45d3-b366-3c6554e1ceb0_CUSTOM.jpg', '305', '225', NULL);
INSERT INTO Images (eventID, imageUrl, imageWidth, imageHeight, imageRatio) VALUES (274, 'https://s1.ticketm.net/dam/a/eb0/31552d8b-76c8-45d3-b366-3c6554e1ceb0_EVENT_DETAIL_PAGE_16_9.jpg', '205', '115', NULL);
INSERT INTO Images (eventID, imageUrl, imageWidth, imageHeight, imageRatio) VALUES (274, 'https://s1.ticketm.net/dam/a/eb0/31552d8b-76c8-45d3-b366-3c6554e1ceb0_RETINA_PORTRAIT_16_9.jpg', '640', '360', NULL);
INSERT INTO Images (eventID, imageUrl, imageWidth, imageHeight, imageRatio) VALUES (274, 'https://s1.ticketm.net/dam/a/eb0/31552d8b-76c8-45d3-b366-3c6554e1ceb0_TABLET_LANDSCAPE_LARGE_16_9.jpg', '2048', '1152', NULL);
INSERT INTO Images (eventID, imageUrl, imageWidth, imageHeight, imageRatio) VALUES (275, 'https://s1.ticketm.net/dam/a/eb0/31552d8b-76c8-45d3-b366-3c6554e1ceb0_RETINA_PORTRAIT_3_2.jpg', '640', '427', NULL);
INSERT INTO Images (eventID, imageUrl, imageWidth, imageHeight, imageRatio) VALUES (275, 'https://s1.ticketm.net/dam/a/eb0/31552d8b-76c8-45d3-b366-3c6554e1ceb0_RETINA_LANDSCAPE_16_9.jpg', '1136', '639', NULL);
INSERT INTO Images (eventID, imageUrl, imageWidth, imageHeight, imageRatio) VALUES (275, 'https://s1.ticketm.net/dam/a/eb0/31552d8b-76c8-45d3-b366-3c6554e1ceb0_SOURCE', '2426', '1365', NULL);
INSERT INTO Images (eventID, imageUrl, imageWidth, imageHeight, imageRatio) VALUES (275, 'https://s1.ticketm.net/dam/a/eb0/31552d8b-76c8-45d3-b366-3c6554e1ceb0_ARTIST_PAGE_3_2.jpg', '305', '203', NULL);
INSERT INTO Images (eventID, imageUrl, imageWidth, imageHeight, imageRatio) VALUES (275, 'https://s1.ticketm.net/dam/a/eb0/31552d8b-76c8-45d3-b366-3c6554e1ceb0_TABLET_LANDSCAPE_16_9.jpg', '1024', '576', NULL);
INSERT INTO Images (eventID, imageUrl, imageWidth, imageHeight, imageRatio) VALUES (275, 'https://s1.ticketm.net/dam/a/eb0/31552d8b-76c8-45d3-b366-3c6554e1ceb0_TABLET_LANDSCAPE_3_2.jpg', '1024', '683', NULL);
INSERT INTO Images (eventID, imageUrl, imageWidth, imageHeight, imageRatio) VALUES (275, 'https://s1.ticketm.net/dam/a/eb0/31552d8b-76c8-45d3-b366-3c6554e1ceb0_RECOMENDATION_16_9.jpg', '100', '56', NULL);
INSERT INTO Images (eventID, imageUrl, imageWidth, imageHeight, imageRatio) VALUES (275, 'https://s1.ticketm.net/dam/a/eb0/31552d8b-76c8-45d3-b366-3c6554e1ceb0_CUSTOM.jpg', '305', '225', NULL);
INSERT INTO Images (eventID, imageUrl, imageWidth, imageHeight, imageRatio) VALUES (275, 'https://s1.ticketm.net/dam/a/eb0/31552d8b-76c8-45d3-b366-3c6554e1ceb0_EVENT_DETAIL_PAGE_16_9.jpg', '205', '115', NULL);
INSERT INTO Images (eventID, imageUrl, imageWidth, imageHeight, imageRatio) VALUES (275, 'https://s1.ticketm.net/dam/a/eb0/31552d8b-76c8-45d3-b366-3c6554e1ceb0_RETINA_PORTRAIT_16_9.jpg', '640', '360', NULL);
INSERT INTO Images (eventID, imageUrl, imageWidth, imageHeight, imageRatio) VALUES (275, 'https://s1.ticketm.net/dam/a/eb0/31552d8b-76c8-45d3-b366-3c6554e1ceb0_TABLET_LANDSCAPE_LARGE_16_9.jpg', '2048', '1152', NULL);
INSERT INTO Images (eventID, imageUrl, imageWidth, imageHeight, imageRatio) VALUES (276, 'https://s1.ticketm.net/dam/a/eb0/31552d8b-76c8-45d3-b366-3c6554e1ceb0_RETINA_PORTRAIT_3_2.jpg', '640', '427', NULL);
INSERT INTO Images (eventID, imageUrl, imageWidth, imageHeight, imageRatio) VALUES (276, 'https://s1.ticketm.net/dam/a/eb0/31552d8b-76c8-45d3-b366-3c6554e1ceb0_RETINA_LANDSCAPE_16_9.jpg', '1136', '639', NULL);
INSERT INTO Images (eventID, imageUrl, imageWidth, imageHeight, imageRatio) VALUES (276, 'https://s1.ticketm.net/dam/a/eb0/31552d8b-76c8-45d3-b366-3c6554e1ceb0_SOURCE', '2426', '1365', NULL);
INSERT INTO Images (eventID, imageUrl, imageWidth, imageHeight, imageRatio) VALUES (276, 'https://s1.ticketm.net/dam/a/eb0/31552d8b-76c8-45d3-b366-3c6554e1ceb0_ARTIST_PAGE_3_2.jpg', '305', '203', NULL);
INSERT INTO Images (eventID, imageUrl, imageWidth, imageHeight, imageRatio) VALUES (276, 'https://s1.ticketm.net/dam/a/eb0/31552d8b-76c8-45d3-b366-3c6554e1ceb0_TABLET_LANDSCAPE_16_9.jpg', '1024', '576', NULL);
INSERT INTO Images (eventID, imageUrl, imageWidth, imageHeight, imageRatio) VALUES (276, 'https://s1.ticketm.net/dam/a/eb0/31552d8b-76c8-45d3-b366-3c6554e1ceb0_TABLET_LANDSCAPE_3_2.jpg', '1024', '683', NULL);
INSERT INTO Images (eventID, imageUrl, imageWidth, imageHeight, imageRatio) VALUES (276, 'https://s1.ticketm.net/dam/a/eb0/31552d8b-76c8-45d3-b366-3c6554e1ceb0_RECOMENDATION_16_9.jpg', '100', '56', NULL);
INSERT INTO Images (eventID, imageUrl, imageWidth, imageHeight, imageRatio) VALUES (276, 'https://s1.ticketm.net/dam/a/eb0/31552d8b-76c8-45d3-b366-3c6554e1ceb0_CUSTOM.jpg', '305', '225', NULL);
INSERT INTO Images (eventID, imageUrl, imageWidth, imageHeight, imageRatio) VALUES (276, 'https://s1.ticketm.net/dam/a/eb0/31552d8b-76c8-45d3-b366-3c6554e1ceb0_EVENT_DETAIL_PAGE_16_9.jpg', '205', '115', NULL);
INSERT INTO Images (eventID, imageUrl, imageWidth, imageHeight, imageRatio) VALUES (276, 'https://s1.ticketm.net/dam/a/eb0/31552d8b-76c8-45d3-b366-3c6554e1ceb0_RETINA_PORTRAIT_16_9.jpg', '640', '360', NULL);
INSERT INTO Images (eventID, imageUrl, imageWidth, imageHeight, imageRatio) VALUES (276, 'https://s1.ticketm.net/dam/a/eb0/31552d8b-76c8-45d3-b366-3c6554e1ceb0_TABLET_LANDSCAPE_LARGE_16_9.jpg', '2048', '1152', NULL);
INSERT INTO Images (eventID, imageUrl, imageWidth, imageHeight, imageRatio) VALUES (277, 'https://s1.ticketm.net/dam/c/fbc/b293c0ad-c904-4215-bc59-8d7f2414dfbc_106141_RETINA_LANDSCAPE_16_9.jpg', '1136', '639', NULL);
INSERT INTO Images (eventID, imageUrl, imageWidth, imageHeight, imageRatio) VALUES (277, 'https://s1.ticketm.net/dam/a/d19/20e7abee-c2b0-418e-bd05-80f4c88ded19_SOURCE', '1080', '1080', NULL);
INSERT INTO Images (eventID, imageUrl, imageWidth, imageHeight, imageRatio) VALUES (277, 'https://s1.ticketm.net/dam/a/d19/20e7abee-c2b0-418e-bd05-80f4c88ded19_ARTIST_PAGE_3_2.jpg', '305', '203', NULL);
INSERT INTO Images (eventID, imageUrl, imageWidth, imageHeight, imageRatio) VALUES (277, 'https://s1.ticketm.net/dam/a/d19/20e7abee-c2b0-418e-bd05-80f4c88ded19_EVENT_DETAIL_PAGE_16_9.jpg', '205', '115', NULL);
INSERT INTO Images (eventID, imageUrl, imageWidth, imageHeight, imageRatio) VALUES (277, 'https://s1.ticketm.net/dam/a/d19/20e7abee-c2b0-418e-bd05-80f4c88ded19_RETINA_PORTRAIT_16_9.jpg', '640', '360', NULL);
INSERT INTO Images (eventID, imageUrl, imageWidth, imageHeight, imageRatio) VALUES (277, 'https://s1.ticketm.net/dam/a/d19/20e7abee-c2b0-418e-bd05-80f4c88ded19_CUSTOM.jpg', '305', '225', NULL);
INSERT INTO Images (eventID, imageUrl, imageWidth, imageHeight, imageRatio) VALUES (277, 'https://s1.ticketm.net/dam/a/d19/20e7abee-c2b0-418e-bd05-80f4c88ded19_TABLET_LANDSCAPE_3_2.jpg', '1024', '683', NULL);
INSERT INTO Images (eventID, imageUrl, imageWidth, imageHeight, imageRatio) VALUES (277, 'https://s1.ticketm.net/dam/c/fbc/b293c0ad-c904-4215-bc59-8d7f2414dfbc_106141_TABLET_LANDSCAPE_LARGE_16_9.jpg', '2048', '1152', NULL);
INSERT INTO Images (eventID, imageUrl, imageWidth, imageHeight, imageRatio) VALUES (277, 'https://s1.ticketm.net/dam/a/d19/20e7abee-c2b0-418e-bd05-80f4c88ded19_RETINA_PORTRAIT_3_2.jpg', '640', '427', NULL);
INSERT INTO Images (eventID, imageUrl, imageWidth, imageHeight, imageRatio) VALUES (277, 'https://s1.ticketm.net/dam/a/d19/20e7abee-c2b0-418e-bd05-80f4c88ded19_RECOMENDATION_16_9.jpg', '100', '56', NULL);
INSERT INTO Images (eventID, imageUrl, imageWidth, imageHeight, imageRatio) VALUES (277, 'https://s1.ticketm.net/dam/a/d19/20e7abee-c2b0-418e-bd05-80f4c88ded19_TABLET_LANDSCAPE_16_9.jpg', '1024', '576', NULL);
INSERT INTO Images (eventID, imageUrl, imageWidth, imageHeight, imageRatio) VALUES (278, 'https://s1.ticketm.net/dam/a/c5c/ea9fc097-d600-4ab3-82c3-296386726c5c_TABLET_LANDSCAPE_LARGE_16_9.jpg', '2048', '1152', NULL);
INSERT INTO Images (eventID, imageUrl, imageWidth, imageHeight, imageRatio) VALUES (278, 'https://s1.ticketm.net/dam/a/c5c/ea9fc097-d600-4ab3-82c3-296386726c5c_EVENT_DETAIL_PAGE_16_9.jpg', '205', '115', NULL);
INSERT INTO Images (eventID, imageUrl, imageWidth, imageHeight, imageRatio) VALUES (278, 'https://s1.ticketm.net/dam/a/c5c/ea9fc097-d600-4ab3-82c3-296386726c5c_TABLET_LANDSCAPE_16_9.jpg', '1024', '576', NULL);
INSERT INTO Images (eventID, imageUrl, imageWidth, imageHeight, imageRatio) VALUES (278, 'https://s1.ticketm.net/dam/a/c5c/ea9fc097-d600-4ab3-82c3-296386726c5c_RETINA_LANDSCAPE_16_9.jpg', '1136', '639', NULL);
INSERT INTO Images (eventID, imageUrl, imageWidth, imageHeight, imageRatio) VALUES (278, 'https://s1.ticketm.net/dam/a/c5c/ea9fc097-d600-4ab3-82c3-296386726c5c_TABLET_LANDSCAPE_3_2.jpg', '1024', '683', NULL);
INSERT INTO Images (eventID, imageUrl, imageWidth, imageHeight, imageRatio) VALUES (278, 'https://s1.ticketm.net/dam/a/c5c/ea9fc097-d600-4ab3-82c3-296386726c5c_SOURCE', '2426', '1365', NULL);
INSERT INTO Images (eventID, imageUrl, imageWidth, imageHeight, imageRatio) VALUES (278, 'https://s1.ticketm.net/dam/a/c5c/ea9fc097-d600-4ab3-82c3-296386726c5c_RECOMENDATION_16_9.jpg', '100', '56', NULL);
INSERT INTO Images (eventID, imageUrl, imageWidth, imageHeight, imageRatio) VALUES (278, 'https://s1.ticketm.net/dam/a/c5c/ea9fc097-d600-4ab3-82c3-296386726c5c_ARTIST_PAGE_3_2.jpg', '305', '203', NULL);
INSERT INTO Images (eventID, imageUrl, imageWidth, imageHeight, imageRatio) VALUES (278, 'https://s1.ticketm.net/dam/a/c5c/ea9fc097-d600-4ab3-82c3-296386726c5c_RETINA_PORTRAIT_16_9.jpg', '640', '360', NULL);
INSERT INTO Images (eventID, imageUrl, imageWidth, imageHeight, imageRatio) VALUES (278, 'https://s1.ticketm.net/dam/a/c5c/ea9fc097-d600-4ab3-82c3-296386726c5c_CUSTOM.jpg', '305', '225', NULL);
INSERT INTO Images (eventID, imageUrl, imageWidth, imageHeight, imageRatio) VALUES (278, 'https://s1.ticketm.net/dam/a/c5c/ea9fc097-d600-4ab3-82c3-296386726c5c_RETINA_PORTRAIT_3_2.jpg', '640', '427', NULL);
INSERT INTO Images (eventID, imageUrl, imageWidth, imageHeight, imageRatio) VALUES (279, 'https://s1.ticketm.net/dam/a/931/6d1bd44c-51cb-4aa0-9448-41526a05e931_ARTIST_PAGE_3_2.jpg', '305', '203', NULL);
INSERT INTO Images (eventID, imageUrl, imageWidth, imageHeight, imageRatio) VALUES (279, 'https://s1.ticketm.net/dam/a/931/6d1bd44c-51cb-4aa0-9448-41526a05e931_RECOMENDATION_16_9.jpg', '100', '56', NULL);
INSERT INTO Images (eventID, imageUrl, imageWidth, imageHeight, imageRatio) VALUES (279, 'https://s1.ticketm.net/dam/a/931/6d1bd44c-51cb-4aa0-9448-41526a05e931_RETINA_PORTRAIT_16_9.jpg', '640', '360', NULL);
INSERT INTO Images (eventID, imageUrl, imageWidth, imageHeight, imageRatio) VALUES (279, 'https://s1.ticketm.net/dam/a/931/6d1bd44c-51cb-4aa0-9448-41526a05e931_TABLET_LANDSCAPE_16_9.jpg', '1024', '576', NULL);
INSERT INTO Images (eventID, imageUrl, imageWidth, imageHeight, imageRatio) VALUES (279, 'https://s1.ticketm.net/dam/a/931/6d1bd44c-51cb-4aa0-9448-41526a05e931_RETINA_LANDSCAPE_16_9.jpg', '1136', '639', NULL);
INSERT INTO Images (eventID, imageUrl, imageWidth, imageHeight, imageRatio) VALUES (279, 'https://s1.ticketm.net/dam/a/931/6d1bd44c-51cb-4aa0-9448-41526a05e931_CUSTOM.jpg', '305', '225', NULL);
INSERT INTO Images (eventID, imageUrl, imageWidth, imageHeight, imageRatio) VALUES (279, 'https://s1.ticketm.net/dam/a/931/6d1bd44c-51cb-4aa0-9448-41526a05e931_SOURCE', '2426', '1365', NULL);
INSERT INTO Images (eventID, imageUrl, imageWidth, imageHeight, imageRatio) VALUES (279, 'https://s1.ticketm.net/dam/a/931/6d1bd44c-51cb-4aa0-9448-41526a05e931_TABLET_LANDSCAPE_LARGE_16_9.jpg', '2048', '1152', NULL);
INSERT INTO Images (eventID, imageUrl, imageWidth, imageHeight, imageRatio) VALUES (279, 'https://s1.ticketm.net/dam/a/931/6d1bd44c-51cb-4aa0-9448-41526a05e931_RETINA_PORTRAIT_3_2.jpg', '640', '427', NULL);
INSERT INTO Images (eventID, imageUrl, imageWidth, imageHeight, imageRatio) VALUES (279, 'https://s1.ticketm.net/dam/a/931/6d1bd44c-51cb-4aa0-9448-41526a05e931_TABLET_LANDSCAPE_3_2.jpg', '1024', '683', NULL);
INSERT INTO Images (eventID, imageUrl, imageWidth, imageHeight, imageRatio) VALUES (279, 'https://s1.ticketm.net/dam/a/931/6d1bd44c-51cb-4aa0-9448-41526a05e931_EVENT_DETAIL_PAGE_16_9.jpg', '205', '115', NULL);
INSERT INTO Images (eventID, imageUrl, imageWidth, imageHeight, imageRatio) VALUES (280, 'https://s1.ticketm.net/dam/c/fbc/b293c0ad-c904-4215-bc59-8d7f2414dfbc_106141_RETINA_PORTRAIT_16_9.jpg', '640', '360', NULL);
INSERT INTO Images (eventID, imageUrl, imageWidth, imageHeight, imageRatio) VALUES (280, 'https://s1.ticketm.net/dam/c/fbc/b293c0ad-c904-4215-bc59-8d7f2414dfbc_106141_TABLET_LANDSCAPE_LARGE_16_9.jpg', '2048', '1152', NULL);
INSERT INTO Images (eventID, imageUrl, imageWidth, imageHeight, imageRatio) VALUES (280, 'https://s1.ticketm.net/dam/c/fbc/b293c0ad-c904-4215-bc59-8d7f2414dfbc_106141_ARTIST_PAGE_3_2.jpg', '305', '203', NULL);
INSERT INTO Images (eventID, imageUrl, imageWidth, imageHeight, imageRatio) VALUES (280, 'https://s1.ticketm.net/dam/c/fbc/b293c0ad-c904-4215-bc59-8d7f2414dfbc_106141_RECOMENDATION_16_9.jpg', '100', '56', NULL);
INSERT INTO Images (eventID, imageUrl, imageWidth, imageHeight, imageRatio) VALUES (280, 'https://s1.ticketm.net/dam/c/fbc/b293c0ad-c904-4215-bc59-8d7f2414dfbc_106141_CUSTOM.jpg', '305', '225', NULL);
INSERT INTO Images (eventID, imageUrl, imageWidth, imageHeight, imageRatio) VALUES (280, 'https://s1.ticketm.net/dam/c/fbc/b293c0ad-c904-4215-bc59-8d7f2414dfbc_106141_TABLET_LANDSCAPE_3_2.jpg', '1024', '683', NULL);
INSERT INTO Images (eventID, imageUrl, imageWidth, imageHeight, imageRatio) VALUES (280, 'https://s1.ticketm.net/dam/c/fbc/b293c0ad-c904-4215-bc59-8d7f2414dfbc_106141_TABLET_LANDSCAPE_16_9.jpg', '1024', '576', NULL);
INSERT INTO Images (eventID, imageUrl, imageWidth, imageHeight, imageRatio) VALUES (280, 'https://s1.ticketm.net/dam/c/fbc/b293c0ad-c904-4215-bc59-8d7f2414dfbc_106141_RETINA_PORTRAIT_3_2.jpg', '640', '427', NULL);
INSERT INTO Images (eventID, imageUrl, imageWidth, imageHeight, imageRatio) VALUES (280, 'https://s1.ticketm.net/dam/c/fbc/b293c0ad-c904-4215-bc59-8d7f2414dfbc_106141_EVENT_DETAIL_PAGE_16_9.jpg', '205', '115', NULL);
INSERT INTO Images (eventID, imageUrl, imageWidth, imageHeight, imageRatio) VALUES (280, 'https://s1.ticketm.net/dam/c/fbc/b293c0ad-c904-4215-bc59-8d7f2414dfbc_106141_RETINA_LANDSCAPE_16_9.jpg', '1136', '639', NULL);
INSERT INTO Images (eventID, imageUrl, imageWidth, imageHeight, imageRatio) VALUES (281, 'https://s1.ticketm.net/dam/a/43b/42326a80-bac2-4428-8d2e-1537b53c843b_1729481_TABLET_LANDSCAPE_LARGE_16_9.jpg', '2048', '1152', NULL);
INSERT INTO Images (eventID, imageUrl, imageWidth, imageHeight, imageRatio) VALUES (281, 'https://s1.ticketm.net/dam/a/43b/42326a80-bac2-4428-8d2e-1537b53c843b_1729481_RETINA_PORTRAIT_3_2.jpg', '640', '427', NULL);
INSERT INTO Images (eventID, imageUrl, imageWidth, imageHeight, imageRatio) VALUES (281, 'https://s1.ticketm.net/dam/a/43b/42326a80-bac2-4428-8d2e-1537b53c843b_1729481_RECOMENDATION_16_9.jpg', '100', '56', NULL);
INSERT INTO Images (eventID, imageUrl, imageWidth, imageHeight, imageRatio) VALUES (281, 'https://s1.ticketm.net/dam/a/43b/42326a80-bac2-4428-8d2e-1537b53c843b_1729481_ARTIST_PAGE_3_2.jpg', '305', '203', NULL);
INSERT INTO Images (eventID, imageUrl, imageWidth, imageHeight, imageRatio) VALUES (281, 'https://s1.ticketm.net/dam/a/43b/42326a80-bac2-4428-8d2e-1537b53c843b_1729481_EVENT_DETAIL_PAGE_16_9.jpg', '205', '115', NULL);
INSERT INTO Images (eventID, imageUrl, imageWidth, imageHeight, imageRatio) VALUES (281, 'https://s1.ticketm.net/dam/a/43b/42326a80-bac2-4428-8d2e-1537b53c843b_1729481_RETINA_PORTRAIT_16_9.jpg', '640', '360', NULL);
INSERT INTO Images (eventID, imageUrl, imageWidth, imageHeight, imageRatio) VALUES (281, 'https://s1.ticketm.net/dam/a/43b/42326a80-bac2-4428-8d2e-1537b53c843b_1729481_CUSTOM.jpg', '305', '225', NULL);
INSERT INTO Images (eventID, imageUrl, imageWidth, imageHeight, imageRatio) VALUES (281, 'https://s1.ticketm.net/dam/a/43b/42326a80-bac2-4428-8d2e-1537b53c843b_1729481_RETINA_LANDSCAPE_16_9.jpg', '1136', '639', NULL);
INSERT INTO Images (eventID, imageUrl, imageWidth, imageHeight, imageRatio) VALUES (281, 'https://s1.ticketm.net/dam/a/43b/42326a80-bac2-4428-8d2e-1537b53c843b_1729481_TABLET_LANDSCAPE_16_9.jpg', '1024', '576', NULL);
INSERT INTO Images (eventID, imageUrl, imageWidth, imageHeight, imageRatio) VALUES (281, 'https://s1.ticketm.net/dam/a/43b/42326a80-bac2-4428-8d2e-1537b53c843b_1729481_TABLET_LANDSCAPE_3_2.jpg', '1024', '683', NULL);
INSERT INTO Images (eventID, imageUrl, imageWidth, imageHeight, imageRatio) VALUES (282, 'https://s1.ticketm.net/dam/a/756/8510ee0c-1882-46e7-a678-3e880c1ea756_RECOMENDATION_16_9.jpg', '100', '56', NULL);
INSERT INTO Images (eventID, imageUrl, imageWidth, imageHeight, imageRatio) VALUES (282, 'https://s1.ticketm.net/dam/a/756/8510ee0c-1882-46e7-a678-3e880c1ea756_CUSTOM.jpg', '305', '225', NULL);
INSERT INTO Images (eventID, imageUrl, imageWidth, imageHeight, imageRatio) VALUES (282, 'https://s1.ticketm.net/dam/a/756/8510ee0c-1882-46e7-a678-3e880c1ea756_RETINA_PORTRAIT_16_9.jpg', '640', '360', NULL);
INSERT INTO Images (eventID, imageUrl, imageWidth, imageHeight, imageRatio) VALUES (282, 'https://s1.ticketm.net/dam/a/756/8510ee0c-1882-46e7-a678-3e880c1ea756_TABLET_LANDSCAPE_LARGE_16_9.jpg', '2048', '1152', NULL);
INSERT INTO Images (eventID, imageUrl, imageWidth, imageHeight, imageRatio) VALUES (282, 'https://s1.ticketm.net/dam/a/756/8510ee0c-1882-46e7-a678-3e880c1ea756_RETINA_PORTRAIT_3_2.jpg', '640', '427', NULL);
INSERT INTO Images (eventID, imageUrl, imageWidth, imageHeight, imageRatio) VALUES (282, 'https://s1.ticketm.net/dam/a/756/8510ee0c-1882-46e7-a678-3e880c1ea756_TABLET_LANDSCAPE_3_2.jpg', '1024', '683', NULL);
INSERT INTO Images (eventID, imageUrl, imageWidth, imageHeight, imageRatio) VALUES (282, 'https://s1.ticketm.net/dam/a/756/8510ee0c-1882-46e7-a678-3e880c1ea756_SOURCE', '2426', '1365', NULL);
INSERT INTO Images (eventID, imageUrl, imageWidth, imageHeight, imageRatio) VALUES (282, 'https://s1.ticketm.net/dam/a/756/8510ee0c-1882-46e7-a678-3e880c1ea756_EVENT_DETAIL_PAGE_16_9.jpg', '205', '115', NULL);
INSERT INTO Images (eventID, imageUrl, imageWidth, imageHeight, imageRatio) VALUES (282, 'https://s1.ticketm.net/dam/a/756/8510ee0c-1882-46e7-a678-3e880c1ea756_ARTIST_PAGE_3_2.jpg', '305', '203', NULL);
INSERT INTO Images (eventID, imageUrl, imageWidth, imageHeight, imageRatio) VALUES (282, 'https://s1.ticketm.net/dam/a/756/8510ee0c-1882-46e7-a678-3e880c1ea756_RETINA_LANDSCAPE_16_9.jpg', '1136', '639', NULL);
INSERT INTO Images (eventID, imageUrl, imageWidth, imageHeight, imageRatio) VALUES (282, 'https://s1.ticketm.net/dam/a/756/8510ee0c-1882-46e7-a678-3e880c1ea756_TABLET_LANDSCAPE_16_9.jpg', '1024', '576', NULL);
INSERT INTO Images (eventID, imageUrl, imageWidth, imageHeight, imageRatio) VALUES (283, 'https://s1.ticketm.net/dam/a/d6f/dbf483e6-95eb-4a1c-abfa-b188c580dd6f_CUSTOM.jpg', '305', '225', NULL);
INSERT INTO Images (eventID, imageUrl, imageWidth, imageHeight, imageRatio) VALUES (283, 'https://s1.ticketm.net/dam/a/18c/5b37d31e-336b-4274-8517-0440f536a18c_74641_TABLET_LANDSCAPE_LARGE_16_9.jpg', '2048', '1152', NULL);
INSERT INTO Images (eventID, imageUrl, imageWidth, imageHeight, imageRatio) VALUES (283, 'https://s1.ticketm.net/dam/a/d6f/dbf483e6-95eb-4a1c-abfa-b188c580dd6f_ARTIST_PAGE_3_2.jpg', '305', '203', NULL);
INSERT INTO Images (eventID, imageUrl, imageWidth, imageHeight, imageRatio) VALUES (283, 'https://s1.ticketm.net/dam/a/d6f/dbf483e6-95eb-4a1c-abfa-b188c580dd6f_TABLET_LANDSCAPE_16_9.jpg', '1024', '576', NULL);
INSERT INTO Images (eventID, imageUrl, imageWidth, imageHeight, imageRatio) VALUES (283, 'https://s1.ticketm.net/dam/a/d6f/dbf483e6-95eb-4a1c-abfa-b188c580dd6f_RETINA_LANDSCAPE_16_9.jpg', '1136', '639', NULL);
INSERT INTO Images (eventID, imageUrl, imageWidth, imageHeight, imageRatio) VALUES (283, 'https://s1.ticketm.net/dam/a/d6f/dbf483e6-95eb-4a1c-abfa-b188c580dd6f_SOURCE', '1820', '1364', NULL);
INSERT INTO Images (eventID, imageUrl, imageWidth, imageHeight, imageRatio) VALUES (283, 'https://s1.ticketm.net/dam/a/d6f/dbf483e6-95eb-4a1c-abfa-b188c580dd6f_RETINA_PORTRAIT_16_9.jpg', '640', '360', NULL);
INSERT INTO Images (eventID, imageUrl, imageWidth, imageHeight, imageRatio) VALUES (283, 'https://s1.ticketm.net/dam/a/d6f/dbf483e6-95eb-4a1c-abfa-b188c580dd6f_RECOMENDATION_16_9.jpg', '100', '56', NULL);
INSERT INTO Images (eventID, imageUrl, imageWidth, imageHeight, imageRatio) VALUES (283, 'https://s1.ticketm.net/dam/a/d6f/dbf483e6-95eb-4a1c-abfa-b188c580dd6f_RETINA_PORTRAIT_3_2.jpg', '640', '427', NULL);
INSERT INTO Images (eventID, imageUrl, imageWidth, imageHeight, imageRatio) VALUES (283, 'https://s1.ticketm.net/dam/a/d6f/dbf483e6-95eb-4a1c-abfa-b188c580dd6f_TABLET_LANDSCAPE_3_2.jpg', '1024', '683', NULL);
INSERT INTO Images (eventID, imageUrl, imageWidth, imageHeight, imageRatio) VALUES (283, 'https://s1.ticketm.net/dam/a/d6f/dbf483e6-95eb-4a1c-abfa-b188c580dd6f_EVENT_DETAIL_PAGE_16_9.jpg', '205', '115', NULL);
INSERT INTO Images (eventID, imageUrl, imageWidth, imageHeight, imageRatio) VALUES (284, 'https://s1.ticketm.net/dam/c/fbc/b293c0ad-c904-4215-bc59-8d7f2414dfbc_106141_RETINA_PORTRAIT_16_9.jpg', '640', '360', NULL);
INSERT INTO Images (eventID, imageUrl, imageWidth, imageHeight, imageRatio) VALUES (284, 'https://s1.ticketm.net/dam/c/fbc/b293c0ad-c904-4215-bc59-8d7f2414dfbc_106141_TABLET_LANDSCAPE_LARGE_16_9.jpg', '2048', '1152', NULL);
INSERT INTO Images (eventID, imageUrl, imageWidth, imageHeight, imageRatio) VALUES (284, 'https://s1.ticketm.net/dam/c/fbc/b293c0ad-c904-4215-bc59-8d7f2414dfbc_106141_ARTIST_PAGE_3_2.jpg', '305', '203', NULL);
INSERT INTO Images (eventID, imageUrl, imageWidth, imageHeight, imageRatio) VALUES (284, 'https://s1.ticketm.net/dam/c/fbc/b293c0ad-c904-4215-bc59-8d7f2414dfbc_106141_RECOMENDATION_16_9.jpg', '100', '56', NULL);
INSERT INTO Images (eventID, imageUrl, imageWidth, imageHeight, imageRatio) VALUES (284, 'https://s1.ticketm.net/dam/c/fbc/b293c0ad-c904-4215-bc59-8d7f2414dfbc_106141_TABLET_LANDSCAPE_3_2.jpg', '1024', '683', NULL);
INSERT INTO Images (eventID, imageUrl, imageWidth, imageHeight, imageRatio) VALUES (284, 'https://s1.ticketm.net/dam/c/fbc/b293c0ad-c904-4215-bc59-8d7f2414dfbc_106141_CUSTOM.jpg', '305', '225', NULL);
INSERT INTO Images (eventID, imageUrl, imageWidth, imageHeight, imageRatio) VALUES (284, 'https://s1.ticketm.net/dam/c/fbc/b293c0ad-c904-4215-bc59-8d7f2414dfbc_106141_TABLET_LANDSCAPE_16_9.jpg', '1024', '576', NULL);
INSERT INTO Images (eventID, imageUrl, imageWidth, imageHeight, imageRatio) VALUES (284, 'https://s1.ticketm.net/dam/c/fbc/b293c0ad-c904-4215-bc59-8d7f2414dfbc_106141_RETINA_PORTRAIT_3_2.jpg', '640', '427', NULL);
INSERT INTO Images (eventID, imageUrl, imageWidth, imageHeight, imageRatio) VALUES (284, 'https://s1.ticketm.net/dam/c/fbc/b293c0ad-c904-4215-bc59-8d7f2414dfbc_106141_RETINA_LANDSCAPE_16_9.jpg', '1136', '639', NULL);
INSERT INTO Images (eventID, imageUrl, imageWidth, imageHeight, imageRatio) VALUES (284, 'https://s1.ticketm.net/dam/c/fbc/b293c0ad-c904-4215-bc59-8d7f2414dfbc_106141_EVENT_DETAIL_PAGE_16_9.jpg', '205', '115', NULL);
INSERT INTO Images (eventID, imageUrl, imageWidth, imageHeight, imageRatio) VALUES (285, 'https://s1.ticketm.net/dam/a/358/e73ed83b-b737-4287-9e56-4e7385bf4358_RETINA_LANDSCAPE_16_9.jpg', '1136', '639', NULL);
INSERT INTO Images (eventID, imageUrl, imageWidth, imageHeight, imageRatio) VALUES (285, 'https://s1.ticketm.net/dam/a/358/e73ed83b-b737-4287-9e56-4e7385bf4358_ARTIST_PAGE_3_2.jpg', '305', '203', NULL);
INSERT INTO Images (eventID, imageUrl, imageWidth, imageHeight, imageRatio) VALUES (285, 'https://s1.ticketm.net/dam/a/358/e73ed83b-b737-4287-9e56-4e7385bf4358_RETINA_PORTRAIT_16_9.jpg', '640', '360', NULL);
INSERT INTO Images (eventID, imageUrl, imageWidth, imageHeight, imageRatio) VALUES (285, 'https://s1.ticketm.net/dam/a/358/e73ed83b-b737-4287-9e56-4e7385bf4358_TABLET_LANDSCAPE_16_9.jpg', '1024', '576', NULL);
INSERT INTO Images (eventID, imageUrl, imageWidth, imageHeight, imageRatio) VALUES (285, 'https://s1.ticketm.net/dam/a/358/e73ed83b-b737-4287-9e56-4e7385bf4358_EVENT_DETAIL_PAGE_16_9.jpg', '205', '115', NULL);
INSERT INTO Images (eventID, imageUrl, imageWidth, imageHeight, imageRatio) VALUES (285, 'https://s1.ticketm.net/dam/a/358/e73ed83b-b737-4287-9e56-4e7385bf4358_RETINA_PORTRAIT_3_2.jpg', '640', '427', NULL);
INSERT INTO Images (eventID, imageUrl, imageWidth, imageHeight, imageRatio) VALUES (285, 'https://s1.ticketm.net/dam/a/358/e73ed83b-b737-4287-9e56-4e7385bf4358_TABLET_LANDSCAPE_3_2.jpg', '1024', '683', NULL);
INSERT INTO Images (eventID, imageUrl, imageWidth, imageHeight, imageRatio) VALUES (285, 'https://s1.ticketm.net/dam/a/358/e73ed83b-b737-4287-9e56-4e7385bf4358_TABLET_LANDSCAPE_LARGE_16_9.jpg', '2048', '1152', NULL);
INSERT INTO Images (eventID, imageUrl, imageWidth, imageHeight, imageRatio) VALUES (285, 'https://s1.ticketm.net/dam/a/358/e73ed83b-b737-4287-9e56-4e7385bf4358_SOURCE', '2426', '1365', NULL);
INSERT INTO Images (eventID, imageUrl, imageWidth, imageHeight, imageRatio) VALUES (285, 'https://s1.ticketm.net/dam/a/358/e73ed83b-b737-4287-9e56-4e7385bf4358_RECOMENDATION_16_9.jpg', '100', '56', NULL);
INSERT INTO Images (eventID, imageUrl, imageWidth, imageHeight, imageRatio) VALUES (285, 'https://s1.ticketm.net/dam/a/358/e73ed83b-b737-4287-9e56-4e7385bf4358_CUSTOM.jpg', '305', '225', NULL);
INSERT INTO Images (eventID, imageUrl, imageWidth, imageHeight, imageRatio) VALUES (286, 'https://s1.ticketm.net/dam/a/134/fef509ca-a6ab-4bf2-a51a-5465bedaa134_1854141_RETINA_PORTRAIT_3_2.jpg', '640', '427', NULL);
INSERT INTO Images (eventID, imageUrl, imageWidth, imageHeight, imageRatio) VALUES (286, 'https://s1.ticketm.net/dam/a/134/fef509ca-a6ab-4bf2-a51a-5465bedaa134_SOURCE', '2426', '1365', NULL);
INSERT INTO Images (eventID, imageUrl, imageWidth, imageHeight, imageRatio) VALUES (286, 'https://s1.ticketm.net/dam/a/134/fef509ca-a6ab-4bf2-a51a-5465bedaa134_1854141_RETINA_PORTRAIT_16_9.jpg', '640', '360', NULL);
INSERT INTO Images (eventID, imageUrl, imageWidth, imageHeight, imageRatio) VALUES (286, 'https://s1.ticketm.net/dam/a/134/fef509ca-a6ab-4bf2-a51a-5465bedaa134_1854141_EVENT_DETAIL_PAGE_16_9.jpg', '205', '115', NULL);
INSERT INTO Images (eventID, imageUrl, imageWidth, imageHeight, imageRatio) VALUES (286, 'https://s1.ticketm.net/dam/a/134/fef509ca-a6ab-4bf2-a51a-5465bedaa134_1854141_TABLET_LANDSCAPE_16_9.jpg', '1024', '576', NULL);
INSERT INTO Images (eventID, imageUrl, imageWidth, imageHeight, imageRatio) VALUES (286, 'https://s1.ticketm.net/dam/a/134/fef509ca-a6ab-4bf2-a51a-5465bedaa134_1854141_RETINA_LANDSCAPE_16_9.jpg', '1136', '639', NULL);
INSERT INTO Images (eventID, imageUrl, imageWidth, imageHeight, imageRatio) VALUES (286, 'https://s1.ticketm.net/dam/a/134/fef509ca-a6ab-4bf2-a51a-5465bedaa134_1854141_ARTIST_PAGE_3_2.jpg', '305', '203', NULL);
INSERT INTO Images (eventID, imageUrl, imageWidth, imageHeight, imageRatio) VALUES (286, 'https://s1.ticketm.net/dam/a/134/fef509ca-a6ab-4bf2-a51a-5465bedaa134_1854141_CUSTOM.jpg', '305', '225', NULL);
INSERT INTO Images (eventID, imageUrl, imageWidth, imageHeight, imageRatio) VALUES (286, 'https://s1.ticketm.net/dam/a/134/fef509ca-a6ab-4bf2-a51a-5465bedaa134_1854141_TABLET_LANDSCAPE_LARGE_16_9.jpg', '2048', '1152', NULL);
INSERT INTO Images (eventID, imageUrl, imageWidth, imageHeight, imageRatio) VALUES (286, 'https://s1.ticketm.net/dam/a/134/fef509ca-a6ab-4bf2-a51a-5465bedaa134_1854141_TABLET_LANDSCAPE_3_2.jpg', '1024', '683', NULL);
INSERT INTO Images (eventID, imageUrl, imageWidth, imageHeight, imageRatio) VALUES (286, 'https://s1.ticketm.net/dam/a/134/fef509ca-a6ab-4bf2-a51a-5465bedaa134_1854141_RECOMENDATION_16_9.jpg', '100', '56', NULL);
INSERT INTO Images (eventID, imageUrl, imageWidth, imageHeight, imageRatio) VALUES (287, 'https://s1.ticketm.net/dam/a/580/52a20c4f-034f-472b-b681-1831ead83580_RETINA_PORTRAIT_3_2.jpg', '640', '427', NULL);
INSERT INTO Images (eventID, imageUrl, imageWidth, imageHeight, imageRatio) VALUES (287, 'https://s1.ticketm.net/dam/a/580/52a20c4f-034f-472b-b681-1831ead83580_TABLET_LANDSCAPE_LARGE_16_9.jpg', '2048', '1152', NULL);
INSERT INTO Images (eventID, imageUrl, imageWidth, imageHeight, imageRatio) VALUES (287, 'https://s1.ticketm.net/dam/a/580/52a20c4f-034f-472b-b681-1831ead83580_RETINA_PORTRAIT_16_9.jpg', '640', '360', NULL);
INSERT INTO Images (eventID, imageUrl, imageWidth, imageHeight, imageRatio) VALUES (287, 'https://s1.ticketm.net/dam/a/580/52a20c4f-034f-472b-b681-1831ead83580_EVENT_DETAIL_PAGE_16_9.jpg', '205', '115', NULL);
INSERT INTO Images (eventID, imageUrl, imageWidth, imageHeight, imageRatio) VALUES (287, 'https://s1.ticketm.net/dam/a/580/52a20c4f-034f-472b-b681-1831ead83580_TABLET_LANDSCAPE_16_9.jpg', '1024', '576', NULL);
INSERT INTO Images (eventID, imageUrl, imageWidth, imageHeight, imageRatio) VALUES (287, 'https://s1.ticketm.net/dam/a/580/52a20c4f-034f-472b-b681-1831ead83580_RECOMENDATION_16_9.jpg', '100', '56', NULL);
INSERT INTO Images (eventID, imageUrl, imageWidth, imageHeight, imageRatio) VALUES (287, 'https://s1.ticketm.net/dam/a/580/52a20c4f-034f-472b-b681-1831ead83580_RETINA_LANDSCAPE_16_9.jpg', '1136', '639', NULL);
INSERT INTO Images (eventID, imageUrl, imageWidth, imageHeight, imageRatio) VALUES (287, 'https://s1.ticketm.net/dam/a/580/52a20c4f-034f-472b-b681-1831ead83580_CUSTOM.jpg', '305', '225', NULL);
INSERT INTO Images (eventID, imageUrl, imageWidth, imageHeight, imageRatio) VALUES (287, 'https://s1.ticketm.net/dam/a/580/52a20c4f-034f-472b-b681-1831ead83580_SOURCE', '2426', '1365', NULL);
INSERT INTO Images (eventID, imageUrl, imageWidth, imageHeight, imageRatio) VALUES (287, 'https://s1.ticketm.net/dam/a/580/52a20c4f-034f-472b-b681-1831ead83580_ARTIST_PAGE_3_2.jpg', '305', '203', NULL);
INSERT INTO Images (eventID, imageUrl, imageWidth, imageHeight, imageRatio) VALUES (287, 'https://s1.ticketm.net/dam/a/580/52a20c4f-034f-472b-b681-1831ead83580_TABLET_LANDSCAPE_3_2.jpg', '1024', '683', NULL);
INSERT INTO Images (eventID, imageUrl, imageWidth, imageHeight, imageRatio) VALUES (288, 'https://s1.ticketm.net/dam/c/fbc/b293c0ad-c904-4215-bc59-8d7f2414dfbc_106141_TABLET_LANDSCAPE_LARGE_16_9.jpg', '2048', '1152', NULL);
INSERT INTO Images (eventID, imageUrl, imageWidth, imageHeight, imageRatio) VALUES (288, 'https://s1.ticketm.net/dam/a/0f0/7bf2e46d-ee0d-41fe-b42b-91e4686d60f0_68391_RECOMENDATION_16_9.jpg', '100', '56', NULL);
INSERT INTO Images (eventID, imageUrl, imageWidth, imageHeight, imageRatio) VALUES (288, 'https://s1.ticketm.net/dam/a/0f0/7bf2e46d-ee0d-41fe-b42b-91e4686d60f0_68391_TABLET_LANDSCAPE_16_9.jpg', '1024', '576', NULL);
INSERT INTO Images (eventID, imageUrl, imageWidth, imageHeight, imageRatio) VALUES (288, 'https://s1.ticketm.net/dam/a/0f0/7bf2e46d-ee0d-41fe-b42b-91e4686d60f0_68391_EVENT_DETAIL_PAGE_16_9.jpg', '205', '115', NULL);
INSERT INTO Images (eventID, imageUrl, imageWidth, imageHeight, imageRatio) VALUES (288, 'https://s1.ticketm.net/dam/a/0f0/7bf2e46d-ee0d-41fe-b42b-91e4686d60f0_68391_ARTIST_PAGE_3_2.jpg', '305', '203', NULL);
INSERT INTO Images (eventID, imageUrl, imageWidth, imageHeight, imageRatio) VALUES (288, 'https://s1.ticketm.net/dam/a/0f0/7bf2e46d-ee0d-41fe-b42b-91e4686d60f0_68391_CUSTOM.jpg', '305', '225', NULL);
INSERT INTO Images (eventID, imageUrl, imageWidth, imageHeight, imageRatio) VALUES (288, 'https://s1.ticketm.net/dam/a/0f0/7bf2e46d-ee0d-41fe-b42b-91e4686d60f0_68391_RETINA_PORTRAIT_3_2.jpg', '640', '427', NULL);
INSERT INTO Images (eventID, imageUrl, imageWidth, imageHeight, imageRatio) VALUES (288, 'https://s1.ticketm.net/dam/a/0f0/7bf2e46d-ee0d-41fe-b42b-91e4686d60f0_68391_RETINA_PORTRAIT_16_9.jpg', '640', '360', NULL);
INSERT INTO Images (eventID, imageUrl, imageWidth, imageHeight, imageRatio) VALUES (288, 'https://s1.ticketm.net/dam/a/0f0/7bf2e46d-ee0d-41fe-b42b-91e4686d60f0_68391_RETINA_LANDSCAPE_16_9.jpg', '1136', '639', NULL);
INSERT INTO Images (eventID, imageUrl, imageWidth, imageHeight, imageRatio) VALUES (288, 'https://s1.ticketm.net/dam/a/0f0/7bf2e46d-ee0d-41fe-b42b-91e4686d60f0_68391_TABLET_LANDSCAPE_3_2.jpg', '1024', '683', NULL);
INSERT INTO Images (eventID, imageUrl, imageWidth, imageHeight, imageRatio) VALUES (289, 'https://s1.ticketm.net/dam/c/fbc/b293c0ad-c904-4215-bc59-8d7f2414dfbc_106141_RETINA_PORTRAIT_16_9.jpg', '640', '360', NULL);
INSERT INTO Images (eventID, imageUrl, imageWidth, imageHeight, imageRatio) VALUES (289, 'https://s1.ticketm.net/dam/c/fbc/b293c0ad-c904-4215-bc59-8d7f2414dfbc_106141_TABLET_LANDSCAPE_3_2.jpg', '1024', '683', NULL);
INSERT INTO Images (eventID, imageUrl, imageWidth, imageHeight, imageRatio) VALUES (289, 'https://s1.ticketm.net/dam/c/fbc/b293c0ad-c904-4215-bc59-8d7f2414dfbc_106141_EVENT_DETAIL_PAGE_16_9.jpg', '205', '115', NULL);
INSERT INTO Images (eventID, imageUrl, imageWidth, imageHeight, imageRatio) VALUES (289, 'https://s1.ticketm.net/dam/c/fbc/b293c0ad-c904-4215-bc59-8d7f2414dfbc_106141_TABLET_LANDSCAPE_LARGE_16_9.jpg', '2048', '1152', NULL);
INSERT INTO Images (eventID, imageUrl, imageWidth, imageHeight, imageRatio) VALUES (289, 'https://s1.ticketm.net/dam/c/fbc/b293c0ad-c904-4215-bc59-8d7f2414dfbc_106141_RECOMENDATION_16_9.jpg', '100', '56', NULL);
INSERT INTO Images (eventID, imageUrl, imageWidth, imageHeight, imageRatio) VALUES (289, 'https://s1.ticketm.net/dam/c/fbc/b293c0ad-c904-4215-bc59-8d7f2414dfbc_106141_ARTIST_PAGE_3_2.jpg', '305', '203', NULL);
INSERT INTO Images (eventID, imageUrl, imageWidth, imageHeight, imageRatio) VALUES (289, 'https://s1.ticketm.net/dam/c/fbc/b293c0ad-c904-4215-bc59-8d7f2414dfbc_106141_CUSTOM.jpg', '305', '225', NULL);
INSERT INTO Images (eventID, imageUrl, imageWidth, imageHeight, imageRatio) VALUES (289, 'https://s1.ticketm.net/dam/c/fbc/b293c0ad-c904-4215-bc59-8d7f2414dfbc_106141_TABLET_LANDSCAPE_16_9.jpg', '1024', '576', NULL);
INSERT INTO Images (eventID, imageUrl, imageWidth, imageHeight, imageRatio) VALUES (289, 'https://s1.ticketm.net/dam/c/fbc/b293c0ad-c904-4215-bc59-8d7f2414dfbc_106141_RETINA_PORTRAIT_3_2.jpg', '640', '427', NULL);
INSERT INTO Images (eventID, imageUrl, imageWidth, imageHeight, imageRatio) VALUES (289, 'https://s1.ticketm.net/dam/c/fbc/b293c0ad-c904-4215-bc59-8d7f2414dfbc_106141_RETINA_LANDSCAPE_16_9.jpg', '1136', '639', NULL);
INSERT INTO Images (eventID, imageUrl, imageWidth, imageHeight, imageRatio) VALUES (290, 'https://s1.ticketm.net/dam/a/528/7669a138-3f37-41c9-b7a7-14a7675b0528_RETINA_PORTRAIT_3_2.jpg', '640', '427', NULL);
INSERT INTO Images (eventID, imageUrl, imageWidth, imageHeight, imageRatio) VALUES (290, 'https://s1.ticketm.net/dam/a/528/7669a138-3f37-41c9-b7a7-14a7675b0528_EVENT_DETAIL_PAGE_16_9.jpg', '205', '115', NULL);
INSERT INTO Images (eventID, imageUrl, imageWidth, imageHeight, imageRatio) VALUES (290, 'https://s1.ticketm.net/dam/a/528/7669a138-3f37-41c9-b7a7-14a7675b0528_RECOMENDATION_16_9.jpg', '100', '56', NULL);
INSERT INTO Images (eventID, imageUrl, imageWidth, imageHeight, imageRatio) VALUES (290, 'https://s1.ticketm.net/dam/a/528/7669a138-3f37-41c9-b7a7-14a7675b0528_CUSTOM.jpg', '305', '225', NULL);
INSERT INTO Images (eventID, imageUrl, imageWidth, imageHeight, imageRatio) VALUES (290, 'https://s1.ticketm.net/dam/a/528/7669a138-3f37-41c9-b7a7-14a7675b0528_ARTIST_PAGE_3_2.jpg', '305', '203', NULL);
INSERT INTO Images (eventID, imageUrl, imageWidth, imageHeight, imageRatio) VALUES (290, 'https://s1.ticketm.net/dam/a/528/7669a138-3f37-41c9-b7a7-14a7675b0528_TABLET_LANDSCAPE_3_2.jpg', '1024', '683', NULL);
INSERT INTO Images (eventID, imageUrl, imageWidth, imageHeight, imageRatio) VALUES (290, 'https://s1.ticketm.net/dam/a/528/7669a138-3f37-41c9-b7a7-14a7675b0528_TABLET_LANDSCAPE_LARGE_16_9.jpg', '2048', '1152', NULL);
INSERT INTO Images (eventID, imageUrl, imageWidth, imageHeight, imageRatio) VALUES (290, 'https://s1.ticketm.net/dam/a/528/7669a138-3f37-41c9-b7a7-14a7675b0528_RETINA_LANDSCAPE_16_9.jpg', '1136', '639', NULL);
INSERT INTO Images (eventID, imageUrl, imageWidth, imageHeight, imageRatio) VALUES (290, 'https://s1.ticketm.net/dam/a/528/7669a138-3f37-41c9-b7a7-14a7675b0528_TABLET_LANDSCAPE_16_9.jpg', '1024', '576', NULL);
INSERT INTO Images (eventID, imageUrl, imageWidth, imageHeight, imageRatio) VALUES (290, 'https://s1.ticketm.net/dam/a/528/7669a138-3f37-41c9-b7a7-14a7675b0528_SOURCE', '2426', '1365', NULL);
INSERT INTO Images (eventID, imageUrl, imageWidth, imageHeight, imageRatio) VALUES (290, 'https://s1.ticketm.net/dam/a/528/7669a138-3f37-41c9-b7a7-14a7675b0528_RETINA_PORTRAIT_16_9.jpg', '640', '360', NULL);

-- Table: Venues
DROP TABLE IF EXISTS Venues;
CREATE TABLE Venues (eventID INTEGER REFERENCES Events (eventID), venueName VARCHAR NOT NULL, venueUrl VARCHAR NOT NULL, longitude VARCHAR NOT NULL, latitude VARCHAR NOT NULL);
INSERT INTO Venues (eventID, venueName, venueUrl, longitude, latitude) VALUES (271, 'Heritage Bank Stadium', 'https://www.ticketmaster.com.au/heritage-bank-stadium-tickets-carrara/venue/156357', '153.367388', '-28.009106');
INSERT INTO Venues (eventID, venueName, venueUrl, longitude, latitude) VALUES (272, 'Heritage Bank Stadium', 'https://www.ticketmaster.com.au/heritage-bank-stadium-tickets-carrara/venue/156357', '153.367388', '-28.009106');
INSERT INTO Venues (eventID, venueName, venueUrl, longitude, latitude) VALUES (273, 'Event Cinemas - Mackay', 'https://www.ticketmaster.com.au/event-cinemas-mackay-tickets-mount-pleasant/venue/304612', '149.15761899', '-21.12143801');
INSERT INTO Venues (eventID, venueName, venueUrl, longitude, latitude) VALUES (274, 'Event Cinemas - Mackay', 'https://www.ticketmaster.com.au/event-cinemas-mackay-tickets-mount-pleasant/venue/304612', '149.15761899', '-21.12143801');
INSERT INTO Venues (eventID, venueName, venueUrl, longitude, latitude) VALUES (275, 'Highfields Cultural Centre', 'https://www.ticketmaster.com.au/highfields-cultural-centre-tickets-highfields/venue/304611', '151.94625873', '-27.44977824');
INSERT INTO Venues (eventID, venueName, venueUrl, longitude, latitude) VALUES (276, 'Highfields Cultural Centre', 'https://www.ticketmaster.com.au/highfields-cultural-centre-tickets-highfields/venue/304611', '151.94625873', '-27.44977824');
INSERT INTO Venues (eventID, venueName, venueUrl, longitude, latitude) VALUES (277, 'The Fortitude Music Hall', 'https://www.ticketmaster.com.au/the-fortitude-music-hall-tickets-brisbane/venue/158413', '153.034553', '-27.457971');
INSERT INTO Venues (eventID, venueName, venueUrl, longitude, latitude) VALUES (278, 'The Princess Theatre', 'https://www.ticketmaster.com.au/the-princess-theatre-tickets-woolloongabba/venue/304464', '153.02945853', '-27.48621513');
INSERT INTO Venues (eventID, venueName, venueUrl, longitude, latitude) VALUES (279, 'The Tivoli', 'https://www.ticketmaster.com.au/the-tivoli-tickets-brisbane/venue/155840', '153.03154', '-27.45233');
INSERT INTO Venues (eventID, venueName, venueUrl, longitude, latitude) VALUES (280, 'Otherwise Bar', 'https://www.ticketmaster.com.au/otherwise-bar-tickets-townsville/venue/304615', '146.82214', '-19.25695');
INSERT INTO Venues (eventID, venueName, venueUrl, longitude, latitude) VALUES (281, 'The Princess Theatre', 'https://www.ticketmaster.com.au/the-princess-theatre-tickets-woolloongabba/venue/304464', '153.02945853', '-27.48621513');
INSERT INTO Venues (eventID, venueName, venueUrl, longitude, latitude) VALUES (282, 'The Fortitude Music Hall', 'https://www.ticketmaster.com.au/the-fortitude-music-hall-tickets-brisbane/venue/158413', '153.034553', '-27.457971');
INSERT INTO Venues (eventID, venueName, venueUrl, longitude, latitude) VALUES (283, 'The Tivoli', 'https://www.ticketmaster.com.au/the-tivoli-tickets-brisbane/venue/155840', '153.03154', '-27.45233');
INSERT INTO Venues (eventID, venueName, venueUrl, longitude, latitude) VALUES (284, 'The Triffid', 'https://www.ticketmaster.com.au/the-triffid-tickets-newstead/venue/158045', '153.041969', '-27.452287');
INSERT INTO Venues (eventID, venueName, venueUrl, longitude, latitude) VALUES (285, 'The Princess Theatre', 'https://www.ticketmaster.com.au/the-princess-theatre-tickets-woolloongabba/venue/304464', '153.02945853', '-27.48621513');
INSERT INTO Venues (eventID, venueName, venueUrl, longitude, latitude) VALUES (286, 'Riverstage ', 'https://www.ticketmaster.com.au/riverstage-tickets-brisbane/venue/155825', '153.030025', '-27.47894');
INSERT INTO Venues (eventID, venueName, venueUrl, longitude, latitude) VALUES (287, 'The Tivoli', 'https://www.ticketmaster.com.au/the-tivoli-tickets-brisbane/venue/155840', '153.03154', '-27.45233');
INSERT INTO Venues (eventID, venueName, venueUrl, longitude, latitude) VALUES (288, 'The Triffid', 'https://www.ticketmaster.com.au/the-triffid-tickets-newstead/venue/158045', '153.041969', '-27.452287');
INSERT INTO Venues (eventID, venueName, venueUrl, longitude, latitude) VALUES (289, 'The Triffid', 'https://www.ticketmaster.com.au/the-triffid-tickets-newstead/venue/158045', '153.041969', '-27.452287');
INSERT INTO Venues (eventID, venueName, venueUrl, longitude, latitude) VALUES (290, 'The Princess Theatre', 'https://www.ticketmaster.com.au/the-princess-theatre-tickets-woolloongabba/venue/304464', '153.02945853', '-27.48621513');

COMMIT TRANSACTION;
PRAGMA foreign_keys = on;
