Date,BHP.AX,ILU.AX,RIO.AX,SER.AX
2020-01-02,38.95000076293945,9.210000038146973,101.1500015258789,0.03999999910593033
2020-01-03,39.150001525878906,9.229999542236328,101.36000061035156,0.03999999910593033
2020-01-06,39.400001525878906,9.109999656677246,101.12999725341797,0.03999999910593033
2020-01-07,39.54999923706055,9.279999732971191,101.73999786376953,0.03999999910593033
2020-01-08,39.56999969482422,9.149999618530273,100.86000061035156,0.03999999910593033
2020-01-09,40.029998779296875,9.1899995803833,102.19000244140625,0.03999999910593033
2020-01-10,39.900001525878906,9.319999694824219,102.43000030517578,0.05000000074505806
2020-01-13,39.529998779296875,9.289999961853027,102.08000183105469,0.05000000074505806
2020-01-14,40.04999923706055,9.5600004196167,103.97000122070312,0.05000000074505806
2020-01-15,40.18000030517578,9.569999694824219,103.38999938964844,0.04500000178813934
2020-01-16,40.130001068115234,9.4399995803833,103.4000015258789,0.04500000178813934
2020-01-17,40.599998474121094,9.550000190734863,105.23999786376953,0.04500000178813934
2020-01-20,41.2400016784668,9.550000190734863,106.19000244140625,0.04500000178813934
2020-01-21,41.20000076293945,9.59000015258789,106.44999694824219,0.05000000074505806
2020-01-22,41.209999084472656,9.600000381469727,107.37999725341797,0.05000000074505806
2020-01-23,41.08000183105469,9.359999656677246,106.19000244140625,0.04500000178813934
2020-01-24,40.45000076293945,9.4399995803833,103.18000030517578,0.04500000178813934
2020-01-28,39.099998474121094,8.930000305175781,99.98999786376953,0.03999999910593033
2020-01-29,39.34000015258789,9.5,100.43000030517578,0.05000000074505806
2020-01-30,39.0,9.630000114440918,99.19000244140625,0.03999999910593033
2020-01-31,39.400001525878906,9.720000267028809,98.7699966430664,0.03999999910593033
2020-02-03,38.25,9.329999923706055,96.86000061035156,0.03999999910593033
2020-02-04,38.310001373291016,9.300000190734863,97.33999633789062,0.04500000178813934
2020-02-05,38.88999938964844,9.779999732971191,98.43000030517578,0.04500000178813934
2020-02-06,39.540000915527344,9.90999984741211,99.13999938964844,0.04500000178813934
2020-02-07,38.77000045776367,9.739999771118164,98.43000030517578,0.03999999910593033
2020-02-10,38.400001525878906,9.600000381469727,98.30999755859375,0.03999999910593033
2020-02-11,38.560001373291016,9.640000343322754,98.62999725341797,0.04500000178813934
2020-02-12,38.400001525878906,9.539999961853027,97.5,0.03999999910593033
2020-02-13,38.540000915527344,9.510000228881836,98.01000213623047,0.05000000074505806
2020-02-14,38.650001525878906,9.529999732971191,97.6500015258789,0.054999999701976776
2020-02-17,38.470001220703125,9.579999923706055,97.83999633789062,0.05000000074505806
2020-02-18,38.779998779296875,5.041195869445801,98.30999755859375,0.04500000178813934
2020-02-19,38.5,5.062671184539795,98.08999633789062,0.05000000074505806
2020-02-20,38.52000045776367,5.384791851043701,98.13999938964844,0.04500000178813934
2020-02-21,38.220001220703125,5.121726036071777,97.69000244140625,0.04500000178813934
2020-02-24,37.09000015258789,5.025090217590332,95.26000213623047,0.05000000074505806
2020-02-25,36.33000183105469,4.9230852127075195,93.5999984741211,0.05000000074505806
2020-02-26,35.54999923706055,4.75128698348999,91.88999938964844,0.05000000074505806
2020-02-27,35.189998626708984,4.665388107299805,90.41000366210938,0.05000000074505806
2020-02-28,33.599998474121094,4.477484226226807,87.2699966430664,0.05000000074505806
2020-03-02,33.349998474121094,4.434535026550293,86.2699966430664,0.05000000074505806
2020-03-03,33.9900016784668,4.46137809753418,88.80000305175781,0.05000000074505806
2020-03-04,33.65999984741211,4.509696006774902,90.0,0.05000000074505806
2020-03-05,33.41999816894531,4.552646160125732,88.44999694824219,0.05000000074505806
2020-03-06,32.189998626708984,4.40769100189209,86.25,0.05000000074505806
2020-03-09,27.549999237060547,3.99967098236084,80.7699966430664,0.05000000074505806
2020-03-10,29.25,4.305685997009277,83.61000061035156,0.05000000074505806
2020-03-11,28.520000457763672,4.225155830383301,82.70999908447266,0.05000000074505806
2020-03-12,26.329999923706055,3.8332419395446777,77.4000015258789,0.05000000074505806
2020-03-13,26.719999313354492,3.962090015411377,81.08000183105469,0.03999999910593033
2020-03-16,25.200000762939453,3.6238629817962646,77.6500015258789,0.03999999910593033
2020-03-17,28.209999084472656,4.037251949310303,83.0,0.03999999910593033
2020-03-18,27.139999389648438,3.779555082321167,79.91000366210938,0.03999999910593033
2020-03-19,27.34000015258789,3.758080005645752,80.5199966430664,0.03999999910593033
2020-03-20,27.010000228881836,3.6507060527801514,82.0,0.03999999910593033
2020-03-23,27.030000686645508,3.328584909439087,78.70999908447266,0.03999999910593033
2020-03-24,28.399999618530273,3.6614439487457275,79.55000305175781,0.03999999910593033
2020-03-25,31.299999237060547,3.8493480682373047,83.81999969482422,0.03999999910593033
2020-03-26,30.670000076293945,3.9137721061706543,88.12999725341797,0.03999999910593033
2020-03-27,29.030000686645508,3.613126039505005,85.77999877929688,0.03999999910593033
2020-03-30,30.200000762939453,3.6721808910369873,87.54000091552734,0.03999999910593033
2020-03-31,28.979999542236328,3.747343063354492,84.56999969482422,0.03999999910593033
2020-04-01,30.229999542236328,3.8493480682373047,88.4000015258789,0.03999999910593033
2020-04-02,29.850000381469727,3.811767101287842,87.4000015258789,0.029999999329447746
2020-04-03,30.329999923706055,3.801029920578003,88.93000030517578,0.03999999910593033
2020-04-06,31.790000915527344,3.8976659774780273,90.37999725341797,0.03999999910593033
2020-04-07,31.700000762939453,3.870821952819824,90.6500015258789,0.03999999910593033
2020-04-08,31.31999969482422,3.8225040435791016,89.26000213623047,0.05000000074505806
2020-04-09,31.5,3.9137721061706543,89.38999938964844,0.05000000074505806
2020-04-14,31.65999984741211,4.155363082885742,90.83000183105469,0.03999999910593033
2020-04-15,31.43000030517578,4.139256954193115,89.77999877929688,0.03999999910593033
2020-04-16,30.790000915527344,4.133887767791748,88.55000305175781,0.03999999910593033
2020-04-17,31.280000686645508,4.069464206695557,91.51000213623047,0.03999999910593033
2020-04-20,30.81999969482422,3.924509048461914,88.91999816894531,0.03999999910593033
2020-04-21,30.049999237060547,3.940614938735962,87.05999755859375,0.03999999910593033
2020-04-22,28.969999313354492,3.8547160625457764,85.13999938964844,0.03999999910593033
2020-04-23,29.75,3.98893404006958,86.0,0.03999999910593033
2020-04-24,30.540000915527344,3.9191410541534424,87.2699966430664,0.03999999910593033
2020-04-27,30.5,3.956721067428589,87.0,0.03999999910593033
2020-04-28,30.489999771118164,3.908402919769287,85.76000213623047,0.04500000178813934
2020-04-29,31.1200008392334,3.8493480682373047,85.51000213623047,0.03999999910593033
2020-04-30,32.349998474121094,4.123150825500488,87.51000213623047,0.03999999910593033
2020-05-01,29.84000015258789,4.05335807800293,82.58999633789062,0.03999999910593033
2020-05-04,29.8799991607666,3.6581809520721436,81.30000305175781,0.03999999910593033
2020-05-05,30.690000534057617,3.7597970962524414,82.75,0.03999999910593033
2020-05-06,30.40999984741211,3.764878034591675,81.98999786376953,0.03999999910593033
2020-05-07,31.0,3.856333017349243,81.51000213623047,0.03999999910593033
2020-05-08,31.399999618530273,3.708988904953003,83.0,0.03999999910593033
2020-05-11,31.549999237060547,3.7902820110321045,83.98999786376953,0.03500000014901161
2020-05-12,30.719999313354492,3.7597970962524414,82.5999984741211,0.03999999910593033
2020-05-13,31.010000228881836,3.8004438877105713,83.72000122070312,0.03999999910593033
2020-05-14,30.610000610351562,3.729311943054199,83.26000213623047,0.03999999910593033
2020-05-15,31.670000076293945,3.881736993789673,85.36000061035156,0.03999999910593033
2020-05-18,33.099998474121094,3.8918979167938232,90.30000305175781,0.03999999910593033
2020-05-19,35.04999923706055,4.03416109085083,94.5199966430664,0.03999999910593033
2020-05-20,34.720001220703125,4.145938873291016,94.16000366210938,0.029999999329447746
2020-05-21,34.5099983215332,4.222150802612305,93.19000244140625,0.03999999910593033
2020-05-22,34.31999969482422,4.120534896850586,91.33000183105469,0.03999999910593033
2020-05-25,34.7599983215332,4.171342849731445,92.51000213623047,0.03999999910593033
2020-05-26,35.5,4.222150802612305,93.80000305175781,0.04500000178813934
2020-05-27,34.459999084472656,4.227231979370117,91.5199966430664,0.04500000178813934
2020-05-28,35.15999984741211,4.237392902374268,93.62999725341797,0.05000000074505806
2020-05-29,34.63999938964844,4.176423072814941,93.4000015258789,0.05000000074505806
2020-06-01,35.709999084472656,4.333928108215332,97.2300033569336,0.03999999910593033
2020-06-02,35.40999984741211,4.364412784576416,96.97000122070312,0.03999999910593033
2020-06-03,36.34000015258789,4.471109867095947,97.41999816894531,0.03999999910593033
2020-06-04,36.310001373291016,4.613372802734375,98.4000015258789,0.04500000178813934
2020-06-05,36.33000183105469,4.5778069496154785,98.5999984741211,0.04500000178813934
2020-06-09,37.63999938964844,4.714989185333252,101.37000274658203,0.05000000074505806
2020-06-10,37.5,4.674343109130859,100.4800033569336,0.03999999910593033
2020-06-11,36.7599983215332,4.587968826293945,98.86000061035156,0.03999999910593033
2020-06-12,35.9900016784668,4.45078706741333,97.80999755859375,0.03999999910593033
2020-06-15,35.25,4.344089984893799,96.87000274658203,0.03999999910593033
2020-06-16,36.279998779296875,4.481272220611572,99.55999755859375,0.03999999910593033
2020-06-17,36.02000045776367,4.359333038330078,98.87000274658203,0.03999999910593033
2020-06-18,35.689998626708984,4.283120155334473,97.61000061035156,0.04500000178813934
2020-06-19,35.0099983215332,4.257716178894043,96.27999877929688,0.05000000074505806
2020-06-22,35.36000061035156,4.26787805557251,96.69999694824219,0.05000000074505806
2020-06-23,35.63999938964844,4.344089984893799,98.05000305175781,0.05000000074505806
2020-06-24,35.900001525878906,4.4101409912109375,98.68000030517578,0.05000000074505806
2020-06-25,35.04999923706055,4.313604831695557,97.05999755859375,0.05000000074505806
2020-06-26,36.04999923706055,4.333928108215332,98.98999786376953,0.054999999701976776
2020-06-29,35.380001068115234,4.201827049255371,97.2699966430664,0.054999999701976776
2020-06-30,35.81999969482422,4.339008808135986,97.95999908447266,0.05000000074505806
2020-07-01,35.81999969482422,4.2932820320129395,97.1500015258789,0.05999999865889549
2020-07-02,36.0099983215332,4.2932820320129395,97.80999755859375,0.05999999865889549
2020-07-03,36.2599983215332,4.460948944091797,96.38999938964844,0.05999999865889549
2020-07-06,35.650001525878906,4.389817237854004,95.44999694824219,0.05999999865889549
2020-07-07,36.099998474121094,4.506676197052002,96.29000091552734,0.05000000074505806
2020-07-08,35.75,4.471109867095947,95.54000091552734,0.05000000074505806
2020-07-09,36.459999084472656,4.471109867095947,98.66999816894531,0.05000000074505806
2020-07-10,36.189998626708984,4.440625190734863,97.98999786376953,0.05000000074505806
2020-07-13,36.970001220703125,4.521917819976807,99.83999633789062,0.05000000074505806
2020-07-14,37.08000183105469,4.47619104385376,101.25,0.05000000074505806
2020-07-15,38.0,4.593050003051758,104.9800033569336,0.054999999701976776
2020-07-16,37.7599983215332,4.587968826293945,103.51000213623047,0.05000000074505806
2020-07-17,37.91999816894531,4.532080173492432,104.13999938964844,0.05000000074505806
2020-07-20,38.380001068115234,4.562564849853516,105.11000061035156,0.05000000074505806
2020-07-21,38.79999923706055,4.68450403213501,106.08999633789062,0.054999999701976776
2020-07-22,37.5,4.694665908813477,104.4800033569336,0.05999999865889549
2020-07-23,37.25,4.699747085571289,103.47000122070312,0.05999999865889549
2020-07-24,37.08000183105469,4.674343109130859,102.91999816894531,0.05999999865889549
2020-07-27,37.400001525878906,4.725151062011719,102.88999938964844,0.07000000029802322
2020-07-28,38.04999923706055,4.760715961456299,104.11000061035156,0.05999999865889549
2020-07-29,37.29999923706055,4.669261932373047,103.4000015258789,0.07999999821186066
2020-07-30,37.83000183105469,4.770877838134766,104.5,0.09000000357627869
2020-07-31,36.75,4.598130226135254,102.0,0.09000000357627869
2020-08-03,37.34000015258789,4.674343109130859,103.0,0.07999999821186066
2020-08-04,37.91999816894531,4.791201114654541,105.0999984741211,0.10000000149011612
2020-08-05,37.95000076293945,4.781040191650391,103.98999786376953,0.07999999821186066
2020-08-06,39.81999969482422,4.897898197174072,105.5,0.09000000357627869
2020-08-07,39.29999923706055,4.8267669677734375,102.44999694824219,0.09000000357627869
2020-08-10,39.84000015258789,4.89281702041626,101.91999816894531,0.07999999821186066
2020-08-11,40.20000076293945,4.913140773773193,102.79000091552734,0.07999999821186066
2020-08-12,39.90999984741211,4.89281702041626,101.4000015258789,0.07999999821186066
2020-08-13,39.90999984741211,4.9182209968566895,101.51000213623047,0.07000000029802322
2020-08-14,40.0099983215332,4.877574920654297,101.1500015258789,0.07000000029802322
2020-08-17,39.86000061035156,4.902978897094727,100.87999725341797,0.07000000029802322
2020-08-18,39.650001525878906,5.019837856292725,101.98999786376953,0.07500000298023224
2020-08-19,39.060001373291016,5.06556510925293,101.66999816894531,0.07999999821186066
2020-08-20,38.720001220703125,5.070645809173584,101.25,0.07000000029802322
2020-08-21,38.36000061035156,5.0401611328125,100.70999908447266,0.07000000029802322
2020-08-24,38.56999969482422,5.116373062133789,100.9000015258789,0.07000000029802322
2020-08-25,38.310001373291016,5.1265339851379395,100.9000015258789,0.07000000029802322
2020-08-26,38.02000045776367,5.22307014465332,99.29000091552734,0.0729999989271164
2020-08-27,38.439998626708984,5.2586350440979,100.12000274658203,0.06599999964237213
2020-08-28,37.72999954223633,5.136695861816406,97.87999725341797,0.06300000101327896
2020-08-31,37.90999984741211,5.1519389152526855,98.0,0.07100000232458115
2020-09-01,37.5,5.029998779296875,97.4800033569336,0.06700000166893005
2020-09-02,38.5,5.146858215332031,98.98999786376953,0.05999999865889549
2020-09-03,37.61000061035156,5.1265339851379395,98.30999755859375,0.05999999865889549
2020-09-04,36.189998626708984,5.024918079376221,95.58000183105469,0.06400000303983688
2020-09-07,37.060001373291016,5.0401611328125,97.94000244140625,0.08500000089406967
2020-09-08,37.40999984741211,5.029998779296875,99.27999877929688,0.08699999749660492
2020-09-09,36.779998779296875,4.969028949737549,99.08000183105469,0.08100000023841858
2020-09-10,36.97999954223633,5.07572603225708,100.44999694824219,0.08299999684095383
2020-09-11,36.54999923706055,4.877574920654297,99.86000061035156,0.0820000022649765
2020-09-14,37.2400016784668,4.943624973297119,103.7300033569336,0.07900000363588333
2020-09-15,37.4900016784668,4.999514102935791,102.12999725341797,0.07999999821186066
2020-09-16,38.0,4.974110126495361,102.77999877929688,0.07500000298023224
2020-09-17,37.310001373291016,4.887736797332764,99.30999755859375,0.07999999821186066
2020-09-18,37.79999923706055,4.882656097412109,100.56999969482422,0.07999999821186066
2020-09-21,37.349998474121094,4.83184814453125,99.4000015258789,0.07599999755620956
2020-09-22,36.66999816894531,4.770877838134766,97.0,0.07999999821186066
2020-09-23,37.150001525878906,4.897898197174072,97.5,0.07500000298023224
2020-09-24,36.90999984741211,4.796281814575195,97.19000244140625,0.07000000029802322
2020-09-25,37.599998474121094,4.775959014892578,98.0,0.07599999755620956
2020-09-28,37.130001068115234,4.694665908813477,96.55000305175781,0.07100000232458115
2020-09-29,36.88999938964844,4.714989185333252,95.81999969482422,0.07100000232458115
2020-09-30,35.599998474121094,4.582888126373291,94.31999969482422,0.07100000232458115
2020-10-01,36.290000915527344,4.63369607925415,95.4000015258789,0.07000000029802322
2020-10-02,35.119998931884766,4.532080173492432,93.5999984741211,0.06300000101327896
2020-10-05,36.13999938964844,4.64893913269043,95.69999694824219,0.06800000369548798
2020-10-06,36.279998779296875,4.64893913269043,96.0199966430664,0.06400000303983688
2020-10-07,35.880001068115234,4.679422855377197,96.06999969482422,0.0689999982714653
2020-10-08,36.650001525878906,4.760715961456299,97.95999908447266,0.06499999761581421
2020-10-09,36.58000183105469,4.796281814575195,97.5,0.07000000029802322
2020-10-12,36.439998626708984,4.836927890777588,96.63999938964844,0.06599999964237213
2020-10-13,36.310001373291016,4.882656097412109,96.55000305175781,0.06599999964237213
2020-10-14,36.029998779296875,4.862331867218018,95.33000183105469,0.06400000303983688
2020-10-15,36.77000045776367,4.80644416809082,96.2699966430664,0.06800000369548798
2020-10-16,36.25,4.923302173614502,95.44999694824219,0.06800000369548798
2020-10-19,36.5,4.943624973297119,95.55999755859375,0.06300000101327896
2020-10-20,35.900001525878906,4.933464050292969,94.12999725341797,0.06499999761581421
2020-10-21,36.11000061035156,4.953786849975586,95.30000305175781,0.06499999761581421
2020-10-22,36.47999954223633,5.029998779296875,96.22000122070312,0.06499999761581421
2020-10-23,36.0,5.119999885559082,95.4000015258789,0.06499999761581421
2020-10-26,35.72999954223633,5.309999942779541,94.66000366210938,0.07000000029802322
2020-10-27,34.939998626708984,5.210000038146973,92.30000305175781,0.06800000369548798
2020-10-28,34.77000045776367,5.150000095367432,91.94000244140625,0.07199999690055847
2020-10-29,34.0099983215332,4.929999828338623,90.95999908447266,0.06800000369548798
2020-10-30,33.779998779296875,5.150000095367432,92.43000030517578,0.06300000101327896
2020-11-02,33.810001373291016,5.079999923706055,92.5,0.06300000101327896
2020-11-03,34.70000076293945,5.010000228881836,94.79000091552734,0.06199999898672104
2020-11-04,34.279998779296875,5.039999961853027,92.7300033569336,0.05999999865889549
2020-11-05,34.2400016784668,5.0,91.94999694824219,0.05999999865889549
2020-11-06,34.66999816894531,5.139999866485596,93.4000015258789,0.05900000035762787
2020-11-09,35.880001068115234,5.269999980926514,96.08999633789062,0.05999999865889549
2020-11-10,36.029998779296875,5.199999809265137,95.44000244140625,0.05999999865889549
2020-11-11,36.849998474121094,5.159999847412109,97.16000366210938,0.06400000303983688
2020-11-12,36.45000076293945,5.070000171661377,96.4800033569336,0.06199999898672104
2020-11-13,35.77000045776367,4.96999979019165,96.08999633789062,0.061000000685453415
2020-11-16,36.4900016784668,5.050000190734863,97.81999969482422,0.061000000685453415
2020-11-17,37.0099983215332,5.150000095367432,98.80000305175781,0.0560000017285347
2020-11-18,36.83000183105469,5.21999979019165,98.12000274658203,0.05999999865889549
2020-11-19,36.5099983215332,5.230000019073486,98.91999816894531,0.0560000017285347
2020-11-20,36.13999938964844,5.230000019073486,99.44999694824219,0.057999998331069946
2020-11-23,37.04999923706055,5.25,100.88999938964844,0.05900000035762787
2020-11-24,38.29999923706055,5.389999866485596,103.12999725341797,0.05700000002980232
2020-11-25,39.459999084472656,5.460000038146973,104.27999877929688,0.057999998331069946
2020-11-26,39.209999084472656,5.380000114440918,102.86000061035156,0.054999999701976776
2020-11-27,38.720001220703125,5.420000076293945,102.0,0.03799999877810478
2020-11-30,38.06999969482422,5.340000152587891,101.4000015258789,0.03999999910593033
2020-12-01,38.560001373291016,5.349999904632568,102.94999694824219,0.03999999910593033
2020-12-02,39.310001373291016,5.369999885559082,104.98999786376953,0.03799999877810478
2020-12-03,41.25,5.659999847412109,112.19999694824219,0.039000000804662704
2020-12-04,41.5,5.710000038146973,113.19999694824219,0.035999998450279236
2020-12-07,42.38999938964844,5.71999979019165,115.9800033569336,0.03700000047683716
2020-12-08,42.25,5.75,115.0199966430664,0.03999999910593033
2020-12-09,42.72999954223633,5.909999847412109,115.44000244140625,0.03700000047683716
2020-12-10,42.47999954223633,5.840000152587891,115.38999938964844,0.03700000047683716
2020-12-11,42.81999969482422,5.909999847412109,116.0,0.035999998450279236
2020-12-14,42.7400016784668,5.829999923706055,113.94000244140625,0.03700000047683716
2020-12-15,41.779998779296875,5.760000228881836,112.41999816894531,0.03400000184774399
2020-12-16,42.54999923706055,5.920000076293945,114.37000274658203,0.029999999329447746
2020-12-17,43.29999923706055,6.079999923706055,116.44000244140625,0.03500000014901161
2020-12-18,43.150001525878906,6.28000020980835,117.52999877929688,0.03500000014901161
2020-12-21,43.65999984741211,6.420000076293945,118.5999984741211,0.032999999821186066
2020-12-22,42.88999938964844,6.190000057220459,115.41000366210938,0.032999999821186066
2020-12-23,42.45000076293945,6.25,114.8499984741211,0.03700000047683716
2020-12-24,42.95000076293945,6.309999942779541,115.3499984741211,0.032999999821186066
2020-12-29,42.91999816894531,6.269999980926514,115.27999877929688,0.032999999821186066
2020-12-30,43.13999938964844,6.340000152587891,115.77999877929688,0.032999999821186066
2020-12-31,42.43000030517578,6.489999771118164,113.83000183105469,0.035999998450279236
2021-01-04,43.060001373291016,6.590000152587891,115.36000061035156,0.035999998450279236
2021-01-05,44.29999923706055,6.619999885559082,117.79000091552734,0.039000000804662704
2021-01-06,44.209999084472656,6.380000114440918,115.75,0.04500000178813934
2021-01-07,46.900001525878906,6.610000133514404,125.66000366210938,0.04699999839067459
2021-01-08,46.66999816894531,6.71999979019165,124.01000213623047,0.05000000074505806
2021-01-11,46.5,6.619999885559082,122.4000015258789,0.04600000008940697
2021-01-12,46.0,6.599999904632568,121.41000366210938,0.05000000074505806
2021-01-13,46.220001220703125,6.909999847412109,120.73999786376953,0.05700000002980232
2021-01-14,46.060001373291016,6.820000171661377,119.66000366210938,0.05299999937415123
2021-01-15,46.81999969482422,6.820000171661377,120.5199966430664,0.05000000074505806
2021-01-18,45.45000076293945,6.630000114440918,118.79000091552734,0.05299999937415123
2021-01-19,45.869998931884766,6.789999961853027,119.62999725341797,0.05900000035762787
2021-01-20,46.29999923706055,6.909999847412109,119.80000305175781,0.05700000002980232
2021-01-21,47.02000045776367,7.039999961853027,121.87999725341797,0.054999999701976776
2021-01-22,46.130001068115234,6.949999809265137,119.31999969482422,0.05700000002980232
2021-01-25,46.619998931884766,7.039999961853027,121.7699966430664,0.05700000002980232
2021-01-27,45.04999923706055,6.650000095367432,117.05000305175781,0.05700000002980232
2021-01-28,44.279998779296875,6.610000133514404,113.69999694824219,0.05000000074505806
2021-01-29,43.560001373291016,6.449999809265137,110.30999755859375,0.04899999871850014
2021-02-01,44.119998931884766,6.360000133514404,111.2699966430664,0.04600000008940697
2021-02-02,45.099998474121094,6.480000019073486,115.02999877929688,0.04899999871850014
2021-02-03,44.130001068115234,6.53000020980835,113.76000213623047,0.04500000178813934
2021-02-04,43.90999984741211,6.570000171661377,114.27999877929688,0.04699999839067459
2021-02-05,43.79999923706055,6.519999980926514,113.33000183105469,0.04600000008940697
2021-02-08,44.84000015258789,6.840000152587891,117.19999694824219,0.04399999976158142
2021-02-09,44.599998474121094,6.75,116.56999969482422,0.0430000014603138
2021-02-10,45.060001373291016,6.960000038146973,117.43000030517578,0.041999999433755875
2021-02-11,45.47999954223633,7.0,118.72000122070312,0.0430000014603138
2021-02-12,44.720001220703125,7.019999980926514,117.3499984741211,0.041999999433755875
2021-02-15,45.75,7.079999923706055,119.5,0.041999999433755875
2021-02-16,47.0,7.150000095367432,123.05000305175781,0.0430000014603138
2021-02-17,48.599998474121094,7.449999809265137,127.47000122070312,0.04100000113248825
2021-02-18,48.5099983215332,7.400000095367432,127.5,0.041999999433755875
2021-02-19,47.31999969482422,7.059999942779541,123.26000213623047,0.03999999910593033
2021-02-22,48.900001525878906,7.340000152587891,127.73999786376953,0.041999999433755875
2021-02-23,50.43000030517578,7.5,130.0,0.041999999433755875
2021-02-24,48.86000061035156,7.380000114440918,126.44999694824219,0.04100000113248825
2021-02-25,50.45000076293945,7.53000020980835,128.8800048828125,0.04100000113248825
2021-02-26,49.130001068115234,7.420000076293945,127.19000244140625,0.03999999910593033
2021-03-01,50.09000015258789,7.449999809265137,127.69999694824219,0.04100000113248825
2021-03-02,49.130001068115234,7.440000057220459,127.18000030517578,0.039000000804662704
2021-03-03,50.869998931884766,7.46999979019165,129.75,0.04100000113248825
2021-03-04,49.29999923706055,7.380000114440918,121.66999816894531,0.039000000804662704
2021-03-05,48.22999954223633,7.079999923706055,117.68000030517578,0.039000000804662704
2021-03-08,49.380001068115234,6.909999847412109,121.11000061035156,0.0430000014603138
2021-03-09,48.9900016784668,6.880000114440918,121.20999908447266,0.04600000008940697
2021-03-10,47.599998474121094,6.739999771118164,114.48999786376953,0.04699999839067459
2021-03-11,46.79999923706055,6.710000038146973,115.69999694824219,0.04800000041723251
2021-03-12,47.970001220703125,6.949999809265137,116.6500015258789,0.04899999871850014
2021-03-15,47.880001068115234,6.920000076293945,114.12999725341797,0.050999999046325684
2021-03-16,46.84000015258789,6.880000114440918,112.86000061035156,0.04899999871850014
2021-03-17,46.06999969482422,6.820000171661377,111.79000091552734,0.05299999937415123
2021-03-18,45.689998626708984,6.909999847412109,110.80000305175781,0.052000001072883606
2021-03-19,44.900001525878906,6.710000038146973,109.05999755859375,0.04899999871850014
2021-03-22,44.5,6.730000019073486,107.80999755859375,0.04600000008940697
2021-03-23,44.95000076293945,6.840000152587891,107.76000213623047,0.04699999839067459
2021-03-24,44.880001068115234,6.579999923706055,109.69999694824219,0.050999999046325684
2021-03-25,44.880001068115234,6.579999923706055,108.0,0.05000000074505806
2021-03-26,45.06999969482422,6.769999980926514,110.33000183105469,0.04800000041723251
2021-03-29,45.86000061035156,7.239999771118164,112.26000213623047,0.050999999046325684
2021-03-30,44.90999984741211,7.239999771118164,109.5999984741211,0.057999998331069946
2021-03-31,45.29999923706055,7.210000038146973,110.75,0.05400000140070915
2021-04-01,45.650001525878906,7.28000020980835,112.0,0.05299999937415123
2021-04-06,45.849998474121094,7.21999979019165,112.12000274658203,0.054999999701976776
2021-04-07,45.880001068115234,7.309999942779541,113.44000244140625,0.050999999046325684
2021-04-08,47.060001373291016,7.269999980926514,115.87999725341797,0.050999999046325684
2021-04-09,46.66999816894531,7.260000228881836,115.5,0.052000001072883606
2021-04-12,46.18000030517578,7.230000019073486,114.87999725341797,0.05299999937415123
2021-04-13,45.689998626708984,7.110000133514404,113.52999877929688,0.050999999046325684
2021-04-14,46.0099983215332,7.139999866485596,114.33000183105469,0.04899999871850014
2021-04-15,47.33000183105469,7.369999885559082,117.70999908447266,0.05400000140070915
2021-04-16,47.56999969482422,7.360000133514404,118.87999725341797,0.050999999046325684
2021-04-19,47.560001373291016,7.369999885559082,120.8499984741211,0.052000001072883606
2021-04-20,47.45000076293945,7.420000076293945,120.19999694824219,0.05400000140070915
2021-04-21,47.209999084472656,7.360000133514404,120.08999633789062,0.050999999046325684
2021-04-22,47.650001525878906,7.380000114440918,120.52999877929688,0.04699999839067459
2021-04-23,47.560001373291016,7.389999866485596,121.1500015258789,0.050999999046325684
2021-04-26,47.84000015258789,7.449999809265137,122.51000213623047,0.05000000074505806
2021-04-27,48.380001068115234,7.480000019073486,123.63999938964844,0.04800000041723251
2021-04-28,48.220001220703125,7.610000133514404,122.13999938964844,0.04699999839067459
2021-04-29,48.65999984741211,7.769999980926514,123.22000122070312,0.04800000041723251
2021-04-30,47.70000076293945,7.739999771118164,121.1500015258789,0.04699999839067459
2021-05-03,47.029998779296875,7.730000019073486,120.08999633789062,0.04699999839067459
2021-05-04,48.22999954223633,7.840000152587891,123.12999725341797,0.05000000074505806
2021-05-05,48.7599983215332,8.140000343322754,124.54000091552734,0.04899999871850014
2021-05-06,49.79999923706055,8.229999542236328,125.76000213623047,0.04899999871850014
2021-05-07,50.09000015258789,8.510000228881836,127.11000061035156,0.05999999865889549
2021-05-10,51.650001525878906,8.880000114440918,132.94000244140625,0.06400000303983688
2021-05-11,51.279998779296875,8.779999732971191,130.61000061035156,0.06300000101327896
2021-05-12,51.0,8.670000076293945,130.0399932861328,0.05900000035762787
2021-05-13,50.349998474121094,8.579999923706055,128.0,0.05700000002980232
2021-05-14,49.56999969482422,8.380000114440918,125.43000030517578,0.06199999898672104
2021-05-17,49.599998474121094,8.300000190734863,126.04000091552734,0.06499999761581421
2021-05-18,50.52000045776367,8.460000038146973,128.7100067138672,0.06499999761581421
2021-05-19,48.790000915527344,8.15999984741211,123.87999725341797,0.06300000101327896
2021-05-20,48.279998779296875,7.800000190734863,123.26000213623047,0.06499999761581421
2021-05-21,47.75,7.559999942779541,122.12000274658203,0.06499999761581421
2021-05-24,46.869998931884766,7.400000095367432,119.5,0.05999999865889549
2021-05-25,47.47999954223633,7.599999904632568,121.44999694824219,0.05900000035762787
2021-05-26,46.349998474121094,7.519999980926514,118.73999786376953,0.057999998331069946
2021-05-27,46.79999923706055,7.5,119.87000274658203,0.057999998331069946
2021-05-28,48.15999984741211,7.710000038146973,123.0199966430664,0.05700000002980232
2021-05-31,47.849998474121094,7.71999979019165,123.7300033569336,0.054999999701976776
2021-06-01,47.90999984741211,7.75,124.5999984741211,0.061000000685453415
2021-06-02,49.38999938964844,7.96999979019165,126.94999694824219,0.05999999865889549
2021-06-03,49.59000015258789,7.940000057220459,127.01000213623047,0.061000000685453415
2021-06-04,48.75,7.840000152587891,124.62000274658203,0.05999999865889549
2021-06-07,48.849998474121094,7.75,125.33000183105469,0.061000000685453415
2021-06-08,48.380001068115234,7.730000019073486,124.16000366210938,0.06499999761581421
2021-06-09,48.66999816894531,7.840000152587891,124.80000305175781,0.06499999761581421
2021-06-10,48.29999923706055,7.840000152587891,124.91999816894531,0.06499999761581421
2021-06-11,48.95000076293945,7.800000190734863,124.94000244140625,0.06599999964237213
2021-06-15,49.220001220703125,8.1899995803833,126.4800033569336,0.06300000101327896
2021-06-16,48.369998931884766,8.109999656677246,125.70999908447266,0.06300000101327896
2021-06-17,47.689998626708984,7.960000038146973,124.2300033569336,0.061000000685453415
2021-06-18,46.52000045776367,7.960000038146973,123.47000122070312,0.057999998331069946
2021-06-21,45.61000061035156,7.789999961853027,120.05000305175781,0.057999998331069946
2021-06-22,46.68000030517578,8.100000381469727,121.98999786376953,0.057999998331069946
2021-06-23,47.15999984741211,8.0600004196167,122.8499984741211,0.05700000002980232
2021-06-24,47.599998474121094,8.0600004196167,124.36000061035156,0.05900000035762787
2021-06-25,47.900001525878906,8.220000267028809,125.22000122070312,0.05900000035762787
2021-06-28,48.400001525878906,8.25,126.05000305175781,0.05999999865889549
2021-06-29,48.060001373291016,8.1899995803833,125.0,0.05900000035762787
2021-06-30,48.56999969482422,9.149999618530273,126.63999938964844,0.05299999937415123
2021-07-01,48.220001220703125,8.699999809265137,125.98999786376953,0.054999999701976776
2021-07-02,48.54999923706055,8.449999809265137,125.70999908447266,0.05299999937415123
2021-07-05,48.45000076293945,8.59000015258789,126.12999725341797,0.0560000017285347
2021-07-06,48.849998474121094,8.600000381469727,125.41000366210938,0.054999999701976776
2021-07-07,48.79999923706055,8.640000343322754,126.04000091552734,0.054999999701976776
2021-07-08,49.65999984741211,8.829999923706055,126.22000122070312,0.054999999701976776
2021-07-09,49.47999954223633,8.5600004196167,125.4000015258789,0.054999999701976776
2021-07-12,51.04999923706055,8.630000114440918,127.5999984741211,0.0560000017285347
2021-07-13,50.70000076293945,8.630000114440918,128.36000061035156,0.0560000017285347
2021-07-14,50.959999084472656,8.670000076293945,128.27999877929688,0.0560000017285347
2021-07-15,51.529998779296875,8.789999961853027,131.13999938964844,0.05400000140070915
2021-07-16,51.869998931884766,8.859999656677246,130.60000610351562,0.057999998331069946
2021-07-19,50.5,8.680000305175781,127.83000183105469,0.050999999046325684
2021-07-20,49.2400016784668,8.569999694824219,124.41999816894531,0.04600000008940697
2021-07-21,49.88999938964844,8.699999809265137,125.87000274658203,0.04699999839067459
2021-07-22,51.45000076293945,9.329999923706055,127.41000366210938,0.04800000041723251
2021-07-23,51.27000045776367,9.75,127.0999984741211,0.05299999937415123
2021-07-26,51.90999984741211,9.9399995803833,130.11000061035156,0.050999999046325684
2021-07-27,53.36000061035156,9.869999885559082,132.47000122070312,0.04699999839067459
2021-07-28,52.470001220703125,9.65999984741211,132.22000122070312,0.050999999046325684
2021-07-29,53.33000183105469,9.880000114440918,134.1699981689453,0.050999999046325684
2021-07-30,53.4900016784668,9.930000305175781,133.4199981689453,0.052000001072883606
2021-08-02,53.70000076293945,9.8100004196167,133.22999572753906,0.04800000041723251
2021-08-03,52.959999084472656,9.65999984741211,132.38999938964844,0.04699999839067459
2021-08-04,54.060001373291016,9.779999732971191,134.39999389648438,0.05000000074505806
2021-08-05,53.13999938964844,9.550000190734863,132.1300048828125,0.04600000008940697
2021-08-06,52.099998474121094,9.479999542236328,130.0500030517578,0.04800000041723251
2021-08-09,51.689998626708984,9.399999618530273,128.25999450683594,0.04699999839067459
2021-08-10,51.7599983215332,9.40999984741211,127.5,0.04600000008940697
2021-08-11,52.52000045776367,9.380000114440918,129.13999938964844,0.04600000008940697
2021-08-12,52.9900016784668,9.34000015258789,120.26000213623047,0.04500000178813934
2021-08-13,52.810001373291016,9.399999618530273,120.36000061035156,0.04500000178813934
2021-08-16,52.06999969482422,9.319999694824219,118.48999786376953,0.04800000041723251
2021-08-17,51.33000183105469,9.180000305175781,116.37000274658203,0.04500000178813934
2021-08-18,47.70000076293945,9.180000305175781,113.69000244140625,0.04500000178813934
2021-08-19,44.66999816894531,9.0,107.16999816894531,0.041999999433755875
2021-08-20,44.34000015258789,8.899999618530273,107.2300033569336,0.041999999433755875
2021-08-23,44.459999084472656,9.0600004196167,106.69000244140625,0.04600000008940697
2021-08-24,44.91999816894531,9.0600004196167,108.0999984741211,0.04899999871850014
2021-08-25,45.47999954223633,8.90999984741211,110.91000366210938,0.05000000074505806
2021-08-26,44.95000076293945,9.270000457763672,109.37000274658203,0.050999999046325684
2021-08-27,44.70000076293945,9.199999809265137,109.69999694824219,0.050999999046325684
2021-08-30,45.83000183105469,9.739999771118164,113.12000274658203,0.05400000140070915
2021-08-31,45.61000061035156,10.0,112.05999755859375,0.05700000002980232
2021-09-01,45.029998779296875,10.0,109.38999938964844,0.052000001072883606
2021-09-02,41.939998626708984,9.739999771118164,108.6500015258789,0.052000001072883606
2021-09-03,42.349998474121094,10.029999732971191,111.37000274658203,0.05000000074505806
2021-09-06,42.189998626708984,10.09000015258789,110.69000244140625,0.05000000074505806
2021-09-07,42.040000915527344,9.970000267028809,108.69999694824219,0.05000000074505806
2021-09-08,41.61000061035156,9.920000076293945,108.16999816894531,0.052000001072883606
2021-09-09,40.91999816894531,9.619999885559082,105.5,0.05400000140070915
2021-09-10,41.25,10.0,106.22000122070312,0.05000000074505806
2021-09-13,41.47999954223633,10.229999542236328,106.0199966430664,0.05000000074505806
2021-09-14,41.72999954223633,10.399999618530273,106.66000366210938,0.04800000041723251
2021-09-15,40.2599983215332,10.180000305175781,104.62999725341797,0.04600000008940697
2021-09-16,40.650001525878906,10.359999656677246,103.66999816894531,0.04899999871850014
2021-09-17,39.15999984741211,9.449999809265137,98.80000305175781,0.04899999871850014
2021-09-20,37.529998779296875,9.149999618530273,95.23999786376953,0.04699999839067459
2021-09-21,37.75,8.960000038146973,95.70999908447266,0.04600000008940697
2021-09-22,38.65999984741211,9.239999771118164,98.2699966430664,0.04600000008940697
2021-09-23,38.380001068115234,9.180000305175781,98.86000061035156,0.04800000041723251
2021-09-24,37.720001220703125,9.130000114440918,99.33000183105469,0.04600000008940697
2021-09-27,37.720001220703125,9.40999984741211,100.47000122070312,0.04699999839067459
2021-09-28,36.869998931884766,9.100000381469727,97.47000122070312,0.04800000041723251
2021-09-29,36.38999938964844,8.739999771118164,96.88999938964844,0.0430000014603138
2021-09-30,37.61000061035156,9.079999923706055,100.18000030517578,0.03500000014901161
2021-10-01,36.849998474121094,8.770000457763672,97.27999877929688,0.035999998450279236
2021-10-04,36.939998626708984,8.789999961853027,97.5,0.035999998450279236
2021-10-05,36.52000045776367,8.739999771118164,97.12999725341797,0.03700000047683716
2021-10-06,36.650001525878906,8.630000114440918,96.55000305175781,0.03799999877810478
2021-10-07,36.63999938964844,8.949999809265137,96.54000091552734,0.03700000047683716
2021-10-08,37.7400016784668,9.050000190734863,100.4000015258789,0.03700000047683716
2021-10-11,38.08000183105469,9.350000381469727,102.26000213623047,0.039000000804662704
2021-10-12,37.97999954223633,9.180000305175781,102.63999938964844,0.03799999877810478
2021-10-13,37.59000015258789,8.989999771118164,99.37000274658203,0.041999999433755875
2021-10-14,37.79999923706055,9.180000305175781,100.51000213623047,0.03799999877810478
2021-10-15,38.86000061035156,9.300000190734863,99.5999984741211,0.039000000804662704
2021-10-18,39.189998626708984,9.479999542236328,101.44999694824219,0.041999999433755875
2021-10-19,38.38999938964844,9.65999984741211,98.1500015258789,0.04100000113248825
2021-10-20,38.56999969482422,9.579999923706055,98.08000183105469,0.04399999976158142
2021-10-21,38.47999954223633,9.680000305175781,96.79000091552734,0.03799999877810478
2021-10-22,37.650001525878906,9.430000305175781,95.02999877929688,0.03799999877810478
2021-10-25,37.93000030517578,9.520000457763672,96.44000244140625,0.03799999877810478
2021-10-26,38.209999084472656,9.40999984741211,95.88999938964844,0.039000000804662704
2021-10-27,37.65999984741211,9.449999809265137,94.13999938964844,0.039000000804662704
2021-10-28,37.02000045776367,9.390000343322754,92.76000213623047,0.03999999910593033
2021-10-29,36.58000183105469,9.399999618530273,90.29000091552734,0.041999999433755875
2021-11-01,36.40999984741211,9.270000457763672,90.97000122070312,0.03799999877810478
2021-11-02,35.560001373291016,9.079999923706055,88.66000366210938,0.03799999877810478
2021-11-03,35.939998626708984,8.9399995803833,89.69999694824219,0.035999998450279236
2021-11-04,36.029998779296875,8.84000015258789,88.31999969482422,0.03799999877810478
2021-11-05,36.09000015258789,8.8100004196167,88.80999755859375,0.035999998450279236
2021-11-08,36.380001068115234,8.989999771118164,89.1500015258789,0.039000000804662704
2021-11-09,36.72999954223633,9.100000381469727,88.9800033569336,0.039000000804662704
2021-11-10,35.7400016784668,8.84000015258789,87.51000213623047,0.03500000014901161
2021-11-11,36.65999984741211,8.930000305175781,89.13999938964844,0.041999999433755875
2021-11-12,37.70000076293945,9.140000343322754,92.20999908447266,0.03700000047683716
2021-11-15,37.459999084472656,9.140000343322754,91.83999633789062,0.03700000047683716
2021-11-16,36.4900016784668,8.770000457763672,89.79000091552734,0.03700000047683716
2021-11-17,35.959999084472656,8.399999618530273,88.91000366210938,0.03700000047683716
2021-11-18,36.040000915527344,8.4399995803833,89.51000213623047,0.03700000047683716
2021-11-19,36.45000076293945,8.5600004196167,90.25,0.03700000047683716
2021-11-22,36.58000183105469,8.449999809265137,91.81999969482422,0.03799999877810478
2021-11-23,38.04999923706055,8.5,95.12999725341797,0.03799999877810478
2021-11-24,38.2400016784668,8.550000190734863,95.06999969482422,0.032999999821186066
2021-11-25,38.619998931884766,8.59000015258789,96.62999725341797,0.03400000184774399
2021-11-26,38.029998779296875,8.300000190734863,94.45999908447266,0.03400000184774399
2021-11-29,38.56999969482422,8.380000114440918,95.38999938964844,0.03400000184774399
2021-11-30,39.369998931884766,8.619999885559082,93.5,0.03400000184774399
2021-12-01,39.900001525878906,8.800000190734863,95.76000213623047,0.03400000184774399
2021-12-02,39.709999084472656,8.739999771118164,94.19999694824219,0.03400000184774399
2021-12-03,40.22999954223633,8.710000038146973,95.5199966430664,0.03200000151991844
2021-12-06,39.59000015258789,8.800000190734863,93.81999969482422,0.032499998807907104
2021-12-07,39.95000076293945,8.680000305175781,94.6500015258789,0.03200000151991844
2021-12-08,40.689998626708984,8.819999694824219,96.70999908447266,0.03200000151991844
2021-12-09,40.20000076293945,8.779999732971191,95.80000305175781,0.03099999949336052
2021-12-10,39.959999084472656,9.420000076293945,95.83000183105469,0.03200000151991844
2021-12-13,41.040000915527344,9.920000076293945,98.05000305175781,0.03099999949336052
2021-12-14,41.279998779296875,10.020000457763672,98.0999984741211,0.03200000151991844
2021-12-15,41.06999969482422,9.979999542236328,98.33999633789062,0.03200000151991844
2021-12-16,40.65999984741211,9.930000305175781,98.0,0.03200000151991844
2021-12-17,41.400001525878906,10.020000457763672,98.0,0.03099999949336052
2021-12-20,41.099998474121094,9.920000076293945,98.2300033569336,0.029999999329447746
2021-12-21,41.709999084472656,9.960000038146973,101.4000015258789,0.029999999329447746
2021-12-22,41.38999938964844,9.829999923706055,99.3499984741211,0.029999999329447746
2021-12-23,41.2599983215332,9.8100004196167,99.22000122070312,0.029999999329447746
2021-12-24,41.31999969482422,9.729999542236328,99.0999984741211,0.029999999329447746
2021-12-29,41.33000183105469,10.180000305175781,98.80000305175781,0.029999999329447746
2021-12-30,41.68000030517578,10.220000267028809,99.54000091552734,0.029999999329447746
2021-12-31,41.5,10.100000381469727,100.11000061035156,0.03200000151991844
2022-01-04,42.380001068115234,10.40999984741211,99.69000244140625,0.028999999165534973
2022-01-05,42.630001068115234,10.539999961853027,100.4800033569336,0.03099999949336052
2022-01-06,42.68000030517578,10.34000015258789,101.20999908447266,0.028999999165534973
2022-01-07,43.72999954223633,10.420000076293945,103.62999725341797,0.029999999329447746
2022-01-10,44.779998779296875,10.720000267028809,105.98999786376953,0.028999999165534973
2022-01-11,44.650001525878906,10.819999694824219,106.37000274658203,0.028999999165534973
2022-01-12,45.119998931884766,10.899999618530273,107.2699966430664,0.03200000151991844
2022-01-13,46.849998474121094,11.15999984741211,111.69999694824219,0.03200000151991844
2022-01-14,46.68000030517578,11.109999656677246,110.5999984741211,0.03200000151991844
2022-01-17,46.150001525878906,10.970000267028809,110.02999877929688,0.03400000184774399
2022-01-18,46.70000076293945,11.0,109.6500015258789,0.03400000184774399
2022-01-19,46.560001373291016,10.890000343322754,109.91000366210938,0.035999998450279236
2022-01-20,48.0099983215332,10.869999885559082,113.41000366210938,0.03500000014901161
2022-01-21,45.70000076293945,10.6899995803833,108.72000122070312,0.03500000014901161
2022-01-24,45.599998474121094,10.609999656677246,107.95999908447266,0.035999998450279236
2022-01-25,45.029998779296875,10.25,107.08000183105469,0.029999999329447746
2022-01-27,45.66999816894531,10.140000343322754,109.29000091552734,0.03200000151991844
2022-01-28,46.91999816894531,10.180000305175781,113.76000213623047,0.03099999949336052
2022-01-31,46.349998474121094,10.34000015258789,111.55999755859375,0.03099999949336052
2022-02-01,44.93000030517578,10.5600004196167,108.9000015258789,0.03099999949336052
2022-02-02,45.63999938964844,10.5,111.43000030517578,0.03099999949336052
2022-02-03,47.04999923706055,10.479999542236328,114.13999938964844,0.03099999949336052
2022-02-04,46.810001373291016,10.399999618530273,114.61000061035156,0.02800000086426735
2022-02-07,47.38999938964844,10.869999885559082,114.69000244140625,0.027000000700354576
2022-02-08,49.150001525878906,10.869999885559082,117.18000030517578,0.026000000536441803
2022-02-09,48.31999969482422,11.010000228881836,116.52999877929688,0.026000000536441803
2022-02-10,48.279998779296875,11.229999542236328,118.95999908447266,0.026000000536441803
2022-02-11,48.86000061035156,11.1899995803833,122.36000061035156,0.026000000536441803
2022-02-14,48.33000183105469,11.680000305175781,121.58000183105469,0.027000000700354576
2022-02-15,48.18000030517578,11.220000267028809,118.75,0.027000000700354576
2022-02-16,47.33000183105469,11.460000038146973,118.55999755859375,0.02800000086426735
2022-02-17,47.970001220703125,11.40999984741211,119.94000244140625,0.028999999165534973
2022-02-18,47.959999084472656,11.390000343322754,119.25,0.029999999329447746
2022-02-21,48.2400016784668,11.25,120.19999694824219,0.028999999165534973
2022-02-22,47.810001373291016,11.09000015258789,118.5,0.02800000086426735
2022-02-23,48.099998474121094,10.989999771118164,119.87000274658203,0.027000000700354576
2022-02-24,44.77000045776367,10.5600004196167,115.3499984741211,0.026000000536441803
2022-02-25,44.689998626708984,10.149999618530273,114.54000091552734,0.026000000536441803
2022-02-28,46.65999984741211,10.6899995803833,118.16999816894531,0.026000000536441803
2022-03-01,46.54999923706055,10.6899995803833,117.81999969482422,0.026000000536441803
2022-03-02,48.31999969482422,11.039999961853027,123.26000213623047,0.024000000208616257
2022-03-03,50.060001373291016,10.859999656677246,127.8499984741211,0.02500000037252903
2022-03-04,49.939998626708984,10.6899995803833,126.55999755859375,0.026000000536441803
2022-03-07,50.380001068115234,10.760000228881836,125.9800033569336,0.026000000536441803
2022-03-08,48.529998779296875,10.229999542236328,120.51000213623047,0.026000000536441803
2022-03-09,48.4900016784668,10.300000190734863,119.87999725341797,0.02500000037252903
2022-03-10,47.75,10.220000267028809,110.61000061035156,0.02500000037252903
2022-03-11,47.689998626708984,10.229999542236328,111.69999694824219,0.026000000536441803
2022-03-14,47.36000061035156,10.199999809265137,111.12000274658203,0.026000000536441803
2022-03-15,45.369998931884766,9.90999984741211,106.75,0.026000000536441803
2022-03-16,45.18000030517578,9.949999809265137,106.91000366210938,0.029999999329447746
2022-03-17,45.68000030517578,10.09000015258789,108.58999633789062,0.026499999687075615
2022-03-18,46.25,10.640000343322754,110.33999633789062,0.026000000536441803
2022-03-21,46.45000076293945,10.529999732971191,110.44000244140625,0.026000000536441803
2022-03-22,48.81999969482422,10.880000114440918,113.73999786376953,0.028999999165534973
2022-03-23,48.439998626708984,10.779999732971191,113.68000030517578,0.02800000086426735
2022-03-24,49.29999923706055,10.75,116.01000213623047,0.02800000086426735
2022-03-25,49.77000045776367,11.050000190734863,116.87000274658203,0.02800000086426735
2022-03-28,50.91999816894531,11.319999694824219,118.47000122070312,0.02500000037252903
2022-03-29,50.619998931884766,11.0600004196167,116.83999633789062,0.02500000037252903
2022-03-30,50.58000183105469,10.90999984741211,116.91000366210938,0.024000000208616257
2022-03-31,51.75,11.289999961853027,119.11000061035156,0.024000000208616257
2022-04-01,52.38999938964844,11.520000457763672,120.33999633789062,0.024000000208616257
2022-04-04,52.459999084472656,12.220000267028809,120.66000366210938,0.027000000700354576
2022-04-05,51.95000076293945,12.40999984741211,120.23999786376953,0.03400000184774399
2022-04-06,51.40999984741211,12.039999961853027,118.8499984741211,0.03400000184774399
2022-04-07,51.06999969482422,12.100000381469727,118.73999786376953,0.028999999165534973
2022-04-08,51.939998626708984,12.369999885559082,118.9800033569336,0.028999999165534973
2022-04-11,51.68000030517578,12.350000381469727,117.5,0.028999999165534973
2022-04-12,51.720001220703125,12.430000305175781,118.08999633789062,0.028999999165534973
2022-04-13,51.779998779296875,12.539999961853027,120.5,0.028999999165534973
2022-04-14,52.5,12.420000076293945,120.54000091552734,0.028999999165534973
2022-04-19,53.16999816894531,12.199999809265137,121.66000366210938,0.028999999165534973
2022-04-20,52.29999923706055,11.779999732971191,118.30000305175781,0.028999999165534973
2022-04-21,50.70000076293945,11.59000015258789,116.36000061035156,0.028999999165534973
2022-04-22,48.4900016784668,11.1899995803833,113.5999984741211,0.028999999165534973
2022-04-26,45.65999984741211,10.420000076293945,108.76000213623047,0.02800000086426735
2022-04-27,46.0099983215332,10.569999694824219,108.95999908447266,0.027000000700354576
2022-04-28,48.02000045776367,11.220000267028809,112.80000305175781,0.026000000536441803
2022-04-29,48.0099983215332,11.34000015258789,112.83000183105469,0.027000000700354576
2022-05-02,47.97999954223633,11.180000305175781,113.58999633789062,0.026000000536441803
2022-05-03,47.65999984741211,11.0600004196167,111.8499984741211,0.027000000700354576
2022-05-04,47.400001525878906,11.140000343322754,111.11000061035156,0.027000000700354576
2022-05-05,47.45000076293945,11.350000381469727,111.58000183105469,0.026000000536441803
2022-05-06,46.79999923706055,10.84000015258789,109.26000213623047,0.02500000037252903
2022-05-09,46.209999084472656,10.510000228881836,106.80000305175781,0.02500000037252903
2022-05-10,45.02000045776367,10.170000076293945,102.97000122070312,0.02500000037252903
2022-05-11,45.65999984741211,10.029999732971191,105.63999938964844,0.02199999988079071
2022-05-12,44.95000076293945,9.529999732971191,103.43000030517578,0.020999999716877937
2022-05-13,45.84000015258789,9.829999923706055,105.58999633789062,0.02199999988079071
2022-05-16,45.310001373291016,9.930000305175781,104.4000015258789,0.02199999988079071
2022-05-17,40.56697463989258,9.979999542236328,106.66999816894531,0.02199999988079071
2022-05-18,41.85806655883789,10.199999809265137,108.86000061035156,0.02199999988079071
2022-05-19,41.16354751586914,9.949999809265137,106.75,0.02199999988079071
2022-05-20,42.009437561035156,10.40999984741211,108.3499984741211,0.02500000037252903
2022-05-23,42.588199615478516,10.5,109.5,0.02500000037252903
2022-05-24,42.56148910522461,10.739999771118164,110.47000122070312,0.02500000037252903
2022-05-25,43.02000045776367,10.699999809265137,111.95999908447266,0.02199999988079071
2022-05-26,42.619998931884766,10.680000305175781,110.77999877929688,0.024000000208616257
2022-05-27,43.66999816894531,10.779999732971191,113.38999938964844,0.024000000208616257
2022-05-30,44.90999984741211,11.0,113.80000305175781,0.024000000208616257
2022-05-31,44.61000061035156,10.989999771118164,114.44999694824219,0.024000000208616257
2022-06-01,45.650001525878906,10.699999809265137,114.91000366210938,0.024000000208616257
2022-06-02,45.61000061035156,10.670000076293945,113.01000213623047,0.024000000208616257
2022-06-03,46.7599983215332,10.989999771118164,116.02999877929688,0.024000000208616257
2022-06-06,46.34000015258789,10.6899995803833,115.7699966430664,0.027000000700354576
2022-06-07,46.29999923706055,10.710000038146973,116.55000305175781,0.028999999165534973
2022-06-08,47.369998931884766,10.979999542236328,118.91999816894531,0.029999999329447746
2022-06-09,46.2400016784668,10.829999923706055,117.47000122070312,0.02500000037252903
2022-06-10,46.220001220703125,10.460000038146973,115.9000015258789,0.02500000037252903
2022-06-14,44.2599983215332,9.710000038146973,111.05000305175781,0.02199999988079071
2022-06-15,43.900001525878906,9.489999771118164,110.95999908447266,0.017999999225139618
2022-06-16,44.0099983215332,9.520000457763672,111.69999694824219,0.017999999225139618
2022-06-17,42.52000045776367,9.020000457763672,107.01000213623047,0.017999999225139618
2022-06-20,40.2599983215332,8.729999542236328,101.58999633789062,0.01899999938905239
2022-06-21,40.95000076293945,8.890000343322754,103.9000015258789,0.017999999225139618
2022-06-22,41.029998779296875,9.020000457763672,104.5,0.019999999552965164
2022-06-23,40.5,8.739999771118164,102.62999725341797,0.01899999938905239
2022-06-24,40.02000045776367,8.899999618530273,101.4000015258789,0.019999999552965164
2022-06-27,41.20000076293945,9.25,103.80999755859375,0.01899999938905239
2022-06-28,42.97999954223633,9.489999771118164,106.91999816894531,0.019999999552965164
2022-06-29,42.7599983215332,9.359999656677246,106.2300033569336,0.01899999938905239
2022-06-30,41.25,9.4399995803833,102.69999694824219,0.017999999225139618
2022-07-01,40.04999923706055,9.510000228881836,100.33999633789062,0.017999999225139618
2022-07-04,39.900001525878906,9.460000038146973,100.73999786376953,0.017999999225139618
2022-07-05,40.0,9.449999809265137,100.77999877929688,0.017999999225139618
2022-07-06,37.7599983215332,8.710000038146973,93.37000274658203,0.017999999225139618
2022-07-07,38.939998626708984,8.850000381469727,97.18000030517578,0.017999999225139618
2022-07-08,39.220001220703125,8.989999771118164,97.43000030517578,0.017999999225139618
2022-07-11,38.0,8.550000190734863,95.36000061035156,0.017999999225139618
2022-07-12,37.459999084472656,8.239999771118164,95.41000366210938,0.019999999552965164
2022-07-13,36.91999816894531,8.399999618530273,94.0999984741211,0.019999999552965164
2022-07-14,37.400001525878906,8.600000381469727,96.01000213623047,0.019999999552965164
2022-07-15,36.099998474121094,8.229999542236328,93.2699966430664,0.019999999552965164
2022-07-18,36.970001220703125,8.59000015258789,95.2699966430664,0.01899999938905239
2022-07-19,36.61000061035156,8.619999885559082,95.70999908447266,0.01899999938905239
2022-07-20,37.11000061035156,8.812773704528809,97.80000305175781,0.01899999938905239
2022-07-21,36.790000915527344,9.32780647277832,95.83000183105469,0.019999999552965164
2022-07-22,36.75,9.346880912780762,96.26000213623047,0.019999999552965164
2022-07-25,37.349998474121094,9.089365005493164,97.13999938964844,0.019999999552965164
2022-07-26,38.27000045776367,9.270580291748047,98.95999908447266,0.01899999938905239
2022-07-27,37.52000045776367,9.300000190734863,96.9800033569336,0.017999999225139618
2022-07-28,38.31999969482422,9.59000015258789,97.69999694824219,0.017999999225139618
2022-07-29,38.68000030517578,9.579999923706055,97.83000183105469,0.017999999225139618
2022-08-01,39.099998474121094,9.680000305175781,98.91999816894531,0.01899999938905239
2022-08-02,38.58000183105469,9.579999923706055,97.30000305175781,0.017000000923871994
2022-08-03,38.61000061035156,9.739999771118164,96.80000305175781,0.017000000923871994
2022-08-04,38.16999816894531,9.649999618530273,95.30000305175781,0.017000000923871994
2022-08-05,38.810001373291016,9.550000190734863,97.73999786376953,0.020999999716877937
2022-08-08,39.119998931884766,9.960000038146973,99.56999969482422,0.019999999552965164
2022-08-09,38.81999969482422,9.899999618530273,99.38999938964844,0.019999999552965164
2022-08-10,38.29999923706055,9.960000038146973,99.18000030517578,0.019999999552965164
2022-08-11,39.150001525878906,10.180000305175781,95.27999877929688,0.019999999552965164
2022-08-12,38.83000183105469,10.119999885559082,95.41000366210938,0.019999999552965164
2022-08-15,38.91999816894531,10.180000305175781,95.2699966430664,0.019999999552965164
2022-08-16,40.5099983215332,10.140000343322754,95.93000030517578,0.01899999938905239
2022-08-17,40.849998474121094,10.109999656677246,96.73999786376953,0.01899999938905239
2022-08-18,41.150001525878906,9.6899995803833,97.0999984741211,0.01899999938905239
2022-08-19,41.54999923706055,9.829999923706055,98.52999877929688,0.01899999938905239
2022-08-22,41.349998474121094,9.609999656677246,98.19000244140625,0.01899999938905239
2022-08-23,41.459999084472656,9.449999809265137,97.66000366210938,0.019999999552965164
2022-08-24,41.90999984741211,10.380000114440918,97.0999984741211,0.019999999552965164
2022-08-25,42.189998626708984,10.510000228881836,97.26000213623047,0.019999999552965164
2022-08-26,42.810001373291016,10.729999542236328,98.66000366210938,0.019999999552965164
2022-08-29,42.189998626708984,10.369999885559082,96.29000091552734,0.017999999225139618
2022-08-30,41.75,10.729999542236328,95.5199966430664,0.019999999552965164
2022-08-31,40.599998474121094,10.539999961853027,94.5,0.01899999938905239
2022-09-01,37.5099983215332,10.119999885559082,92.5199966430664,0.019999999552965164
2022-09-02,36.7400016784668,9.899999618530273,90.19000244140625,0.019999999552965164
2022-09-05,37.90999984741211,9.829999923706055,91.7699966430664,0.019999999552965164
2022-09-06,37.27000045776367,9.829999923706055,90.80000305175781,0.019999999552965164
2022-09-07,36.27000045776367,9.600000381469727,89.41000366210938,0.019999999552965164
2022-09-08,36.91999816894531,9.789999961853027,91.86000061035156,0.019999999552965164
2022-09-09,38.09000015258789,10.0,94.36000061035156,0.024000000208616257
2022-09-12,39.40999984741211,10.109999656677246,96.04000091552734,0.017999999225139618
2022-09-13,39.29999923706055,10.380000114440918,96.75,0.01899999938905239
2022-09-14,38.599998474121094,10.109999656677246,94.83000183105469,0.01899999938905239
2022-09-15,38.7400016784668,10.09000015258789,94.63999938964844,0.01899999938905239
2022-09-16,38.040000915527344,9.720000267028809,92.44999694824219,0.019999999552965164
2022-09-19,37.810001373291016,9.770000457763672,92.38999938964844,0.019999999552965164
2022-09-20,39.18000030517578,10.010000228881836,94.72000122070312,0.019999999552965164
2022-09-21,37.959999084472656,9.75,91.2300033569336,0.019999999552965164
2022-09-23,38.16999816894531,9.270000457763672,93.0,0.019999999552965164
2022-09-26,36.20000076293945,8.819999694824219,87.77999877929688,0.019500000402331352
2022-09-27,37.20000076293945,8.989999771118164,90.38999938964844,0.019500000402331352
2022-09-28,37.25,9.029999732971191,90.0,0.019500000402331352
2022-09-29,38.16999816894531,8.970000267028809,90.91000366210938,0.017999999225139618
2022-09-30,38.52000045776367,9.0600004196167,93.38999938964844,0.017999999225139618
2022-10-03,38.599998474121094,9.319999694824219,93.0999984741211,0.017999999225139618
2022-10-04,40.06999969482422,9.970000267028809,95.97000122070312,0.017999999225139618
2022-10-05,40.5,9.949999809265137,97.8499984741211,0.017999999225139618
2022-10-06,40.7599983215332,9.960000038146973,98.05000305175781,0.017999999225139618
2022-10-07,40.060001373291016,9.329999923706055,96.66999816894531,0.017999999225139618
2022-10-10,40.06999969482422,9.329999923706055,97.48999786376953,0.017000000923871994
2022-10-11,39.91999816894531,9.510000228881836,96.9000015258789,0.017000000923871994
2022-10-12,39.540000915527344,9.260000228881836,95.08000183105469,0.017000000923871994
2022-10-13,39.22999954223633,9.34000015258789,95.63999938964844,0.017000000923871994
2022-10-14,40.02000045776367,9.319999694824219,96.61000061035156,0.017000000923871994
2022-10-17,39.09000015258789,9.149999618530273,94.13999938964844,0.017000000923871994
2022-10-18,39.630001068115234,9.239999771118164,94.2699966430664,0.017000000923871994
2022-10-19,39.25,9.359999656677246,94.01000213623047,0.01899999938905239
2022-10-20,38.349998474121094,9.239999771118164,92.26000213623047,0.01899999938905239
2022-10-21,38.06999969482422,9.270000457763672,91.5,0.01899999938905239
2022-10-24,39.060001373291016,9.479999542236328,92.58999633789062,0.01899999938905239
2022-10-25,38.5,9.199999809265137,91.31999969482422,0.01899999938905239
2022-10-26,38.540000915527344,9.350000381469727,91.86000061035156,0.01600000075995922
2022-10-27,39.459999084472656,8.760000228881836,92.5999984741211,0.01600000075995922
2022-10-28,37.47999954223633,8.449999809265137,88.55000305175781,0.01600000075995922
2022-10-31,37.36000061035156,8.649999618530273,88.19999694824219,0.01850000023841858
2022-11-01,38.41999816894531,8.779999732971191,90.48999786376953,0.01600000075995922
2022-11-02,39.2400016784668,9.029999732971191,92.62999725341797,0.01600000075995922
2022-11-03,37.97999954223633,8.800000190734863,90.55999755859375,0.01600000075995922
2022-11-04,38.560001373291016,8.869999885559082,92.80000305175781,0.01600000075995922
2022-11-07,40.47999954223633,9.069999694824219,96.27999877929688,0.01600000075995922
2022-11-08,40.349998474121094,9.039999961853027,96.3499984741211,0.014999999664723873
2022-11-09,41.18000030517578,9.180000305175781,98.62999725341797,0.01600000075995922
2022-11-10,40.560001373291016,9.039999961853027,98.30000305175781,0.01600000075995922
2022-11-11,42.09000015258789,9.34000015258789,102.62999725341797,0.01600000075995922
2022-11-14,44.0099983215332,9.960000038146973,106.0,0.01600000075995922
2022-11-15,43.939998626708984,10.100000381469727,106.41999816894531,0.01899999938905239
2022-11-16,44.45000076293945,10.329999923706055,108.06999969482422,0.019999999552965164
2022-11-17,43.79999923706055,10.050000190734863,106.1500015258789,0.019999999552965164
2022-11-18,43.939998626708984,10.0,106.37999725341797,0.017999999225139618
2022-11-21,42.95000076293945,9.739999771118164,103.93000030517578,0.017999999225139618
2022-11-22,43.47999954223633,9.890000343322754,105.0,0.017999999225139618
2022-11-23,43.91999816894531,10.069999694824219,105.5,0.017999999225139618
2022-11-24,44.54999923706055,10.109999656677246,106.47000122070312,0.017000000923871994
2022-11-25,44.20000076293945,10.109999656677246,105.6500015258789,0.017000000923871994
2022-11-28,43.88999938964844,10.020000457763672,104.1500015258789,0.017000000923871994
2022-11-29,44.81999969482422,9.989999771118164,107.83000183105469,0.019999999552965164
2022-11-30,45.52000045776367,10.09000015258789,109.62000274658203,0.017999999225139618
2022-12-01,46.47999954223633,10.520000457763672,113.2300033569336,0.019999999552965164
2022-12-02,45.7599983215332,10.34000015258789,111.94000244140625,0.019999999552965164
2022-12-05,46.810001373291016,10.449999809265137,116.12999725341797,0.019999999552965164
2022-12-06,46.560001373291016,10.529999732971191,116.05999755859375,0.019999999552965164
2022-12-07,46.599998474121094,10.520000457763672,115.5,0.019999999552965164
2022-12-08,46.22999954223633,10.350000381469727,114.5,0.01899999938905239
2022-12-09,47.47999954223633,10.479999542236328,117.16000366210938,0.017999999225139618
2022-12-12,46.790000915527344,10.1899995803833,116.3499984741211,0.017999999225139618
2022-12-13,46.08000183105469,10.109999656677246,114.0999984741211,0.017999999225139618
2022-12-14,46.310001373291016,10.1899995803833,114.66999816894531,0.017999999225139618
2022-12-15,45.939998626708984,9.819999694824219,113.63999938964844,0.017999999225139618
2022-12-16,45.66999816894531,9.729999542236328,114.55000305175781,0.017999999225139618
2022-12-19,45.9900016784668,9.680000305175781,114.62999725341797,0.01600000075995922
2022-12-20,45.2599983215332,9.630000114440918,113.22000122070312,0.013000000268220901
2022-12-21,46.33000183105469,9.779999732971191,115.11000061035156,0.014000000432133675
2022-12-22,46.25,9.770000457763672,114.80999755859375,0.014000000432133675
2022-12-23,46.15999984741211,9.800000190734863,115.43000030517578,0.014000000432133675
2022-12-28,46.529998779296875,9.579999923706055,117.80000305175781,0.014000000432133675
2022-12-29,45.790000915527344,9.5600004196167,117.08000183105469,0.014000000432133675
2022-12-30,45.630001068115234,9.529999732971191,116.41000366210938,0.014000000432133675
